"ID","Attrition_Flag","Customer_Age","Gender","Dependent_count","Education_Level","Marital_Status","Income_Category","Months_on_book","Total_Relationship_Count","Months_Inactive_12_mon","Contacts_Count_12_mon","Credit_Limit","Total_Revolving_Bal","Avg_Open_To_Buy","Total_Trans_Amt","Total_Trans_Ct","Avg_Utilization_Ratio"
714073983,"Existing Customer",47,"M",2,"Unknown","Single","$40K - $60K",36,6,3,3,7327,0,7327,1788,46,0
718076733,"Existing Customer",43,"M",1,"Graduate","Single","$60K - $80K",31,4,3,3,25824,1170,24654,3101,73,0.045
710511858,"Existing Customer",58,"F",0,"Unknown","Married","Less than $40K",36,3,3,3,3832,1439,2393,4741,88,0.376
766273533,"Existing Customer",53,"M",2,"Uneducated","Unknown","$80K - $120K",46,3,6,3,17190,1736,15454,15055,117,0.101
779249583,"Existing Customer",56,"F",1,"Graduate","Married","Less than $40K",38,4,3,3,2578,2462,116,1378,29,0.955
711566208,"Existing Customer",58,"F",3,"Graduate","Married","Less than $40K",36,2,2,2,5023,1857,3166,14111,98,0.37
714267858,"Existing Customer",44,"F",2,"High School","Single","Unknown",37,6,2,1,4559,1680,2879,4934,76,0.369
716510658,"Attrited Customer",50,"F",0,"Doctorate","Single","Less than $40K",38,4,3,3,2595,2353,242,2526,41,0.907
716673258,"Existing Customer",60,"F",1,"Unknown","Single","Less than $40K",36,1,1,3,2347,1488,859,3977,83,0.634
708694983,"Existing Customer",55,"F",1,"Uneducated","Unknown","Less than $40K",36,1,2,1,3150,2222,928,14750,96,0.705
708314808,"Existing Customer",53,"F",2,"College","Married","Unknown",41,5,1,3,5659,1393,4266,1570,40,0.246
770938533,"Existing Customer",45,"M",1,"College","Unknown","$120K +",32,3,1,3,3304,1370,1934,3914,70,0.415
716995083,"Existing Customer",52,"M",2,"High School","Single","$80K - $120K",44,6,2,4,2650,1049,1601,4218,64,0.396
779523258,"Existing Customer",34,"M",2,"Graduate","Married","$40K - $60K",17,6,2,1,3323,1062,2261,4610,78,0.32
779065458,"Existing Customer",56,"M",1,"High School","Married","$120K +",37,4,1,3,9257,0,9257,4212,72,0
713206683,"Attrited Customer",40,"M",4,"Graduate","Single","$80K - $120K",22,3,1,3,34516,0,34516,1028,26,0
714528258,"Existing Customer",46,"M",2,"Graduate","Divorced","$60K - $80K",39,3,1,1,3299,870,2429,4904,75,0.264
716455683,"Existing Customer",40,"F",3,"High School","Single","Less than $40K",36,3,2,3,15534,726,14808,1279,28,0.047
788920308,"Existing Customer",51,"F",2,"High School","Married","Less than $40K",37,3,2,1,2258,1250,1008,4368,75,0.554
717602733,"Existing Customer",47,"M",3,"Doctorate","Single","Less than $40K",35,4,3,2,1842,0,1842,4165,67,0
806165208,"Existing Customer",47,"M",1,"Doctorate","Divorced","$60K - $80K",42,5,2,0,20979,1800,19179,1178,27,0.086
715776033,"Existing Customer",46,"M",5,"Uneducated","Single","$60K - $80K",33,4,1,3,3135,0,3135,4116,68,0
713886333,"Attrited Customer",47,"M",2,"High School","Married","$60K - $80K",39,2,3,1,18660,728,17932,1682,43,0.039
780881358,"Existing Customer",35,"M",3,"Graduate","Single","$40K - $60K",17,6,3,2,16659,0,16659,2551,74,0
720096558,"Existing Customer",55,"F",2,"Graduate","Married","Less than $40K",42,5,3,3,2216,1034,1182,1540,36,0.467
766795983,"Existing Customer",46,"F",1,"Unknown","Single","Less than $40K",40,4,2,2,1438.3,0,1438.3,4692,91,0
780055308,"Existing Customer",43,"F",3,"College","Single","Less than $40K",28,3,1,3,1438.3,0,1438.3,4482,54,0
715566408,"Existing Customer",45,"F",3,"Doctorate","Married","Less than $40K",36,1,2,2,2143,1479,664,4404,77,0.69
780598383,"Existing Customer",35,"M",3,"Doctorate","Single","$40K - $60K",23,4,3,2,2148,1545,603,2167,65,0.719
717477783,"Attrited Customer",49,"F",4,"Unknown","Single","Less than $40K",37,1,2,2,10195,2389,7806,1563,36,0.234
788782008,"Existing Customer",49,"F",3,"Unknown","Married","Less than $40K",30,4,3,2,15987,0,15987,4146,69,0
825756333,"Existing Customer",55,"F",0,"Uneducated","Married","Less than $40K",51,4,3,1,2041,1885,156,2118,48,0.924
712790358,"Attrited Customer",39,"F",3,"Uneducated","Married","Unknown",30,6,3,4,3023,1348,1675,2219,44,0.446
715078383,"Existing Customer",64,"F",0,"Graduate","Married","Unknown",36,3,1,3,7646,1010,6636,1667,47,0.132
780078333,"Existing Customer",56,"M",2,"Unknown","Married","$60K - $80K",41,3,2,2,5887,659,5228,1193,26,0.112
780360558,"Existing Customer",33,"F",1,"Graduate","Married","Less than $40K",20,2,2,2,1507,0,1507,4698,87,0
709399908,"Existing Customer",34,"F",2,"Graduate","Single","$40K - $60K",23,4,2,2,7594,1442,6152,15026,99,0.19
767376483,"Existing Customer",27,"F",1,"College","Married","Less than $40K",20,5,3,3,1893,0,1893,5176,91,0
778180158,"Existing Customer",44,"M",4,"Doctorate","Divorced","$80K - $120K",34,5,1,4,7150,1887,5263,3636,69,0.264
819363708,"Existing Customer",43,"M",1,"Post-Graduate","Single","$60K - $80K",38,4,2,3,2387,1482,905,3909,67,0.621
717225258,"Existing Customer",35,"M",2,"Graduate","Single","$120K +",27,6,2,2,13655,1048,12607,2383,59,0.077
708710283,"Existing Customer",45,"M",5,"Doctorate","Married","$120K +",36,6,1,4,34516,2038,32478,4067,75,0.059
710756133,"Existing Customer",40,"F",3,"Unknown","Married","Less than $40K",31,5,6,1,1811,821,990,4290,73,0.453
710574558,"Existing Customer",47,"M",4,"Graduate","Single","$80K - $120K",41,5,3,2,26442,1642,24800,1403,40,0.062
772198983,"Existing Customer",53,"F",2,"Graduate","Married","$40K - $60K",42,3,5,1,3024,1649,1375,4463,89,0.545
715842183,"Existing Customer",42,"F",5,"High School","Married","Less than $40K",35,5,4,3,1514,745,769,4004,69,0.492
709406733,"Existing Customer",46,"M",3,"Graduate","Divorced","$80K - $120K",36,2,2,1,20434,1504,18930,13280,106,0.074
757256358,"Existing Customer",45,"M",3,"Graduate","Single","$60K - $80K",38,1,3,3,3243,1580,1663,15710,122,0.487
718216008,"Existing Customer",48,"M",3,"Graduate","Married","$60K - $80K",38,5,2,3,16920,2157,14763,3275,60,0.127
712431183,"Existing Customer",52,"F",2,"Uneducated","Single","Less than $40K",37,4,3,1,2164,0,2164,5282,80,0
713907633,"Existing Customer",43,"M",3,"College","Unknown","$60K - $80K",36,2,1,2,5397,1265,4132,7791,84,0.234
715374558,"Existing Customer",26,"M",0,"College","Divorced","Less than $40K",36,5,2,3,4150,456,3694,2483,74,0.11
778567983,"Existing Customer",50,"F",2,"Graduate","Single","$40K - $60K",43,4,1,3,1438.3,0,1438.3,4512,77,0
810261633,"Existing Customer",44,"M",4,"Graduate","Single","$60K - $80K",39,2,2,3,9682,1727,7955,14991,95,0.178
711515433,"Existing Customer",55,"F",2,"Unknown","Single","Less than $40K",36,3,1,2,2850,2517,333,4320,85,0.883
712755783,"Existing Customer",49,"F",1,"Graduate","Divorced","$40K - $60K",40,3,2,3,1438.3,0,1438.3,3886,77,0
771719283,"Existing Customer",39,"F",4,"Doctorate","Married","Less than $40K",27,2,1,1,8587,1324,7263,8854,92,0.154
718504983,"Existing Customer",45,"F",2,"Graduate","Married","Less than $40K",37,6,2,2,6091,0,6091,3340,60,0
735008958,"Existing Customer",42,"M",5,"Unknown","Married","$60K - $80K",35,6,3,2,13650,1253,12397,1703,53,0.092
753795633,"Attrited Customer",48,"F",2,"Uneducated","Married","Less than $40K",41,5,3,2,2964,2517,447,2327,38,0.849
716458983,"Existing Customer",60,"M",0,"High School","Married","$40K - $60K",36,5,1,3,3281,837,2444,1424,29,0.255
719407983,"Existing Customer",37,"F",0,"Post-Graduate","Married","Less than $40K",25,4,3,2,2061,1483,578,2400,60,0.72
714886533,"Existing Customer",60,"F",2,"High School","Married","Less than $40K",36,4,3,2,3460,2517,943,1752,34,0.727
708580908,"Existing Customer",56,"M",3,"High School","Married","$60K - $80K",37,3,3,3,14551,2517,12034,1373,35,0.173
713906508,"Existing Customer",42,"F",3,"Unknown","Single","Less than $40K",36,6,3,3,2837,834,2003,3892,69,0.294
788776008,"Existing Customer",43,"M",3,"College","Married","$80K - $120K",24,6,3,1,4726,1161,3565,4683,91,0.246
709110633,"Existing Customer",41,"M",1,"Graduate","Single","$80K - $120K",29,5,1,3,21684,1748,19936,1329,24,0.081
719862258,"Existing Customer",38,"F",2,"Uneducated","Single","Unknown",28,2,3,3,5666,1393,4273,5015,90,0.246
710532258,"Existing Customer",48,"F",3,"High School","Divorced","Less than $40K",36,1,1,1,2185,1495,690,4906,83,0.684
779310033,"Attrited Customer",42,"F",4,"Doctorate","Married","Less than $40K",24,3,2,3,4304,0,4304,1788,36,0
719685408,"Attrited Customer",40,"M",2,"Uneducated","Married","$60K - $80K",29,3,2,2,6332,318,6014,2505,43,0.05
719563158,"Existing Customer",48,"M",2,"High School","Married","$40K - $60K",36,6,3,2,4207,1921,2286,3850,75,0.457
789983133,"Existing Customer",31,"M",2,"Graduate","Unknown","$80K - $120K",22,2,3,2,34516,1780,32736,14185,98,0.052
716009883,"Existing Customer",41,"F",1,"Graduate","Single","$40K - $60K",28,1,3,1,8482,585,7897,4245,74,0.069
712365483,"Existing Customer",51,"M",1,"Graduate","Single","$60K - $80K",43,5,2,4,9619,1731,7888,3690,76,0.18
714151533,"Existing Customer",55,"F",1,"Graduate","Married","$40K - $60K",46,5,4,4,4589,1622,2967,1569,33,0.353
719391783,"Existing Customer",46,"M",4,"Uneducated","Married","$40K - $60K",35,3,2,2,9149,1566,7583,1790,60,0.171
779866458,"Existing Customer",40,"F",5,"Uneducated","Married","Less than $40K",24,6,1,1,2038,793,1245,3513,67,0.389
827888433,"Existing Customer",43,"M",4,"Uneducated","Single","$40K - $60K",39,5,2,2,6648,2242,4406,2089,60,0.337
808527183,"Existing Customer",46,"F",3,"College","Married","Less than $40K",41,4,1,1,1489,949,540,4669,94,0.637
714505683,"Existing Customer",51,"M",4,"Uneducated","Divorced","$80K - $120K",38,5,3,2,34516,0,34516,3250,63,0
717596883,"Existing Customer",58,"F",0,"Graduate","Single","$40K - $60K",39,4,3,2,5530,1233,4297,5270,78,0.223
720443358,"Existing Customer",50,"M",2,"Unknown","Married","$60K - $80K",36,1,3,1,8014,1250,6764,6950,84,0.156
721072908,"Existing Customer",51,"M",0,"Doctorate","Single","$60K - $80K",36,6,2,3,3232,1346,1886,5102,69,0.416
719136183,"Existing Customer",48,"F",3,"Uneducated","Married","Less than $40K",38,6,1,3,3541,1444,2097,3410,69,0.408
717591483,"Existing Customer",52,"F",3,"Graduate","Single","Less than $40K",44,4,1,3,3416,2044,1372,1924,48,0.598
709567758,"Existing Customer",40,"F",3,"Uneducated","Married","Less than $40K",29,4,1,2,2490,2225,265,3339,71,0.894
719532108,"Existing Customer",40,"F",5,"High School","Married","Less than $40K",31,4,2,2,2813,2208,605,4491,68,0.785
721344858,"Existing Customer",26,"M",0,"Uneducated","Single","Less than $40K",13,4,4,4,2237,451,1786,2192,36,0.202
716556258,"Existing Customer",50,"F",3,"Doctorate","Single","Less than $40K",39,6,1,3,9966,0,9966,4401,60,0
721067658,"Existing Customer",40,"M",4,"Graduate","Married","$60K - $80K",36,6,1,3,27436,642,26794,4051,81,0.023
710066133,"Attrited Customer",30,"M",0,"Graduate","Single","Less than $40K",36,4,3,3,12833,0,12833,9619,75,0
710401458,"Existing Customer",53,"M",3,"Unknown","Married","$80K - $120K",40,2,2,3,16747,0,16747,4350,76,0
713144208,"Attrited Customer",51,"F",0,"High School","Married","Unknown",42,1,4,4,9989,568,9421,2053,49,0.057
778924158,"Existing Customer",45,"F",2,"High School","Single","Less than $40K",26,4,3,4,1438.3,0,1438.3,3749,77,0
718416858,"Existing Customer",42,"M",5,"Graduate","Married","$60K - $80K",34,3,3,3,10607,2517,8090,1903,40,0.237
780588258,"Existing Customer",53,"F",5,"Unknown","Married","Less than $40K",42,1,2,2,4021,1745,2276,14567,120,0.434
709319658,"Attrited Customer",48,"F",4,"Graduate","Single","Less than $40K",37,5,3,4,15987,0,15987,7681,71,0
826775058,"Existing Customer",43,"F",3,"Uneducated","Married","Less than $40K",39,4,1,2,4175,2517,1658,1520,36,0.603
793412958,"Existing Customer",44,"M",4,"Unknown","Married","$60K - $80K",38,3,1,3,2440,1501,939,4382,88,0.615
794494308,"Existing Customer",42,"M",3,"Uneducated","Married","$120K +",23,3,4,3,34516,2070,32446,13781,102,0.06
773364483,"Existing Customer",45,"F",4,"Doctorate","Unknown","Unknown",39,4,1,2,34516,1298,33218,1906,39,0.038
721164483,"Existing Customer",46,"F",2,"College","Married","$40K - $60K",34,2,1,3,1441,642,799,4894,84,0.446
718637208,"Existing Customer",54,"F",2,"Graduate","Single","Less than $40K",43,3,2,1,2019,1387,632,1689,36,0.687
805516608,"Existing Customer",50,"M",1,"Graduate","Married","$80K - $120K",45,2,1,3,34516,925,33591,7755,84,0.027
716864733,"Existing Customer",47,"M",3,"College","Married","$120K +",27,6,3,3,34516,2315,32201,1805,46,0.067
715585158,"Existing Customer",58,"M",1,"Graduate","Married","$60K - $80K",46,3,3,2,10021,1617,8404,1275,25,0.161
713692683,"Existing Customer",41,"M",2,"Uneducated","Married","$60K - $80K",13,4,2,2,2243,1944,299,3216,77,0.867
773389908,"Existing Customer",37,"F",3,"High School","Single","Less than $40K",31,5,1,3,1438.3,0,1438.3,2075,66,0
711786108,"Existing Customer",52,"M",1,"Graduate","Married","$60K - $80K",43,3,3,2,7187,2014,5173,1159,26,0.28
770952933,"Existing Customer",53,"F",1,"Unknown","Married","Less than $40K",40,4,2,4,2383,1938,445,1616,37,0.813
709579383,"Existing Customer",58,"M",1,"Uneducated","Married","$80K - $120K",50,5,3,2,6978,1148,5830,1362,26,0.165
801036033,"Existing Customer",31,"M",0,"High School","Single","$40K - $60K",25,3,2,3,4493,1388,3105,17744,104,0.309
767653233,"Existing Customer",48,"M",3,"Graduate","Married","$60K - $80K",42,6,1,3,6085,930,5155,3154,59,0.153
719845908,"Existing Customer",52,"F",3,"Uneducated","Single","Less than $40K",36,2,1,3,3240,0,3240,4803,83,0
712184133,"Existing Customer",41,"F",5,"Graduate","Married","Less than $40K",24,2,3,3,2178,1408,770,5089,80,0.646
767712558,"Attrited Customer",59,"M",1,"College","Single","$60K - $80K",53,2,3,3,14979,0,14979,530,10,0
804867183,"Existing Customer",37,"M",3,"Unknown","Married","$60K - $80K",30,6,2,4,16043,0,16043,2599,47,0
778523733,"Existing Customer",38,"M",3,"Graduate","Single","$80K - $120K",31,6,1,2,13637,0,13637,3625,73,0
708697983,"Existing Customer",56,"M",0,"High School","Unknown","$120K +",49,2,2,2,34516,2156,32360,8766,78,0.062
779084208,"Attrited Customer",43,"F",3,"High School","Divorced","Less than $40K",24,4,2,2,1662,613,1049,2326,31,0.369
713352183,"Existing Customer",30,"M",1,"Post-Graduate","Married","Less than $40K",17,5,1,2,7173,1227,5946,1793,33,0.171
715447008,"Existing Customer",50,"F",3,"Graduate","Married","Less than $40K",36,2,3,2,2999,1817,1182,5119,83,0.606
711701958,"Existing Customer",48,"M",1,"Unknown","Single","$60K - $80K",38,3,3,3,11367,1999,9368,4175,63,0.176
720205608,"Existing Customer",52,"F",1,"Uneducated","Married","Unknown",36,6,1,1,4222,0,4222,4487,77,0
709910733,"Existing Customer",49,"F",4,"High School","Single","Unknown",30,2,3,2,34516,1963,32553,13174,86,0.057
819202533,"Existing Customer",57,"M",1,"Doctorate","Married","$80K - $120K",52,3,2,3,10378,1540,8838,1306,32,0.148
714946908,"Existing Customer",61,"M",1,"Uneducated","Single","$40K - $60K",36,6,1,1,5039,1352,3687,3300,68,0.268
714687858,"Existing Customer",49,"F",1,"Graduate","Single","Less than $40K",41,6,1,3,1438.3,0,1438.3,4538,82,0
709245783,"Existing Customer",44,"F",3,"Graduate","Married","Unknown",27,5,1,1,7751,1965,5786,4543,90,0.254
789097833,"Existing Customer",39,"F",0,"High School","Single","Less than $40K",27,4,3,3,3927,720,3207,4230,93,0.183
779320983,"Existing Customer",46,"M",4,"Uneducated","Single","$80K - $120K",28,4,3,2,19843,1178,18665,1638,49,0.059
714479358,"Attrited Customer",51,"M",3,"Graduate","Single","$80K - $120K",36,6,3,3,3610,1554,2056,2216,34,0.43
720616908,"Existing Customer",54,"M",1,"Uneducated","Single","$120K +",36,5,1,2,34516,0,34516,3918,67,0
712660308,"Attrited Customer",44,"F",1,"High School","Single","Less than $40K",36,2,3,3,1895,0,1895,2472,40,0
715480983,"Existing Customer",55,"F",2,"College","Single","Less than $40K",36,5,2,3,5719,892,4827,3403,68,0.156
719671383,"Existing Customer",40,"F",3,"Uneducated","Unknown","Less than $40K",30,2,3,2,2969,0,2969,4109,70,0
710816358,"Existing Customer",29,"M",1,"Post-Graduate","Married","Less than $40K",18,4,3,2,2963,1466,1497,2523,48,0.495
718455633,"Existing Customer",60,"F",0,"Graduate","Single","Unknown",55,4,3,2,7469,2517,4952,16328,124,0.337
807349158,"Existing Customer",36,"M",4,"Doctorate","Divorced","$120K +",31,4,3,4,34516,1491,33025,2243,60,0.043
715000383,"Existing Customer",55,"M",3,"Uneducated","Single","$80K - $120K",46,4,2,3,13598,852,12746,4047,76,0.063
788989083,"Existing Customer",57,"F",3,"College","Single","$40K - $60K",44,3,1,2,2817,1864,953,4535,82,0.662
779349783,"Existing Customer",46,"M",3,"Doctorate","Married","$60K - $80K",31,2,2,2,21161,1198,19963,13119,104,0.057
719724933,"Existing Customer",58,"F",1,"Uneducated","Married","Less than $40K",51,5,4,2,2220,1240,980,4396,78,0.559
716551533,"Existing Customer",47,"F",1,"High School","Single","Unknown",36,2,1,3,2874,2201,673,4779,86,0.766
804403908,"Existing Customer",50,"M",3,"Graduate","Single","$60K - $80K",45,4,2,3,21872,1118,20754,1806,31,0.051
714621183,"Existing Customer",39,"F",3,"Graduate","Single","Less than $40K",36,4,3,4,2650,1646,1004,4512,80,0.621
753094533,"Existing Customer",51,"M",3,"Uneducated","Married","$80K - $120K",44,3,3,3,24028,0,24028,3531,73,0
779327733,"Existing Customer",43,"M",1,"Graduate","Divorced","$60K - $80K",25,4,3,3,1783,1014,769,3861,81,0.569
713972658,"Existing Customer",56,"F",2,"Graduate","Married","Unknown",36,3,3,2,5335,996,4339,1454,43,0.187
780730008,"Existing Customer",51,"M",2,"College","Single","$120K +",36,2,2,2,3477,752,2725,13627,120,0.216
718246458,"Existing Customer",53,"M",3,"Graduate","Single","$80K - $120K",45,2,1,2,24262,1984,22278,8241,105,0.082
717087858,"Existing Customer",51,"F",1,"Graduate","Single","$40K - $60K",36,3,3,1,2146,967,1179,4253,74,0.451
712665633,"Existing Customer",43,"F",3,"Graduate","Married","Less than $40K",30,6,1,4,12952,1864,11088,3472,51,0.144
711205758,"Attrited Customer",45,"M",3,"College","Single","$80K - $120K",33,1,3,3,34516,0,34516,2534,43,0
718797558,"Existing Customer",39,"F",1,"Graduate","Married","Unknown",30,3,2,3,2917,1357,1560,2422,46,0.465
716675358,"Existing Customer",54,"F",1,"College","Single","Less than $40K",41,5,2,2,3478,941,2537,4607,83,0.271
718708908,"Existing Customer",58,"M",4,"Graduate","Married","$60K - $80K",36,6,2,4,5967,2350,3617,1426,29,0.394
717908208,"Existing Customer",43,"F",3,"Graduate","Divorced","Less than $40K",36,6,1,2,2525,1595,930,4859,82,0.632
710727333,"Attrited Customer",49,"F",3,"High School","Married","Less than $40K",36,4,2,2,1763,0,1763,2813,43,0
712105533,"Existing Customer",32,"M",2,"High School","Single","$40K - $60K",20,6,3,4,2235,1638,597,2905,56,0.733
708633783,"Attrited Customer",43,"M",3,"Uneducated","Single","$80K - $120K",30,3,2,4,11336,0,11336,1809,39,0
720626058,"Existing Customer",37,"M",1,"Graduate","Single","$80K - $120K",24,4,4,4,34516,934,33582,1768,52,0.027
815320383,"Attrited Customer",46,"F",3,"Unknown","Unknown","Less than $40K",41,5,3,2,4710,0,4710,2690,43,0
806908608,"Existing Customer",46,"F",2,"Unknown","Married","Less than $40K",41,5,2,3,1438.3,0,1438.3,3942,78,0
713872008,"Existing Customer",49,"F",1,"High School","Married","Less than $40K",42,1,3,1,2215,1347,868,4656,72,0.608
713167383,"Existing Customer",57,"F",3,"High School","Single","Less than $40K",46,1,2,2,2298,1540,758,5154,81,0.67
721473783,"Existing Customer",35,"F",3,"Graduate","Married","Less than $40K",21,3,1,1,2272,604,1668,4614,75,0.266
713746608,"Existing Customer",48,"F",2,"High School","Married","Unknown",37,3,2,2,8446,908,7538,4240,67,0.108
780040758,"Existing Customer",40,"F",4,"College","Married","$40K - $60K",24,5,3,2,2606,1818,788,1999,50,0.698
715534083,"Existing Customer",46,"F",2,"College","Single","Unknown",33,2,3,1,2168,1334,834,4043,73,0.615
708621408,"Existing Customer",39,"F",1,"Unknown","Single","Less than $40K",28,3,2,1,1438.3,0,1438.3,4173,82,0
712029783,"Existing Customer",42,"M",4,"Uneducated","Single","$80K - $120K",36,2,2,1,34516,2253,32263,7836,93,0.065
713295183,"Existing Customer",48,"M",2,"Graduate","Divorced","$80K - $120K",29,6,2,3,24446,1854,22592,3897,75,0.076
768544833,"Existing Customer",45,"F",4,"Uneducated","Single","Less than $40K",39,6,2,3,2202,1414,788,4531,77,0.642
718730283,"Existing Customer",38,"F",2,"Graduate","Married","Less than $40K",18,5,3,3,1686,1206,480,4891,68,0.715
719250783,"Existing Customer",41,"F",1,"High School","Single","Less than $40K",31,4,2,1,1998,0,1998,4637,68,0
711549408,"Existing Customer",51,"M",3,"Uneducated","Married","$80K - $120K",42,5,1,3,1507,961,546,4126,90,0.638
717001908,"Attrited Customer",41,"F",5,"Graduate","Married","Less than $40K",28,6,2,2,6936,0,6936,2874,44,0
714103083,"Existing Customer",47,"M",2,"College","Married","$40K - $60K",37,6,3,1,3263,1525,1738,14649,110,0.467
715550508,"Existing Customer",45,"F",3,"Unknown","Married","Unknown",28,5,1,2,2535,2440,95,1312,20,0.963
709585758,"Existing Customer",41,"M",4,"High School","Single","$120K +",28,5,1,4,34516,0,34516,4004,86,0
719239158,"Existing Customer",48,"M",3,"High School","Married","$60K - $80K",39,4,3,2,5448,0,5448,3912,72,0
768460908,"Existing Customer",59,"M",1,"Graduate","Single","$40K - $60K",53,3,3,3,6035,1392,4643,1551,32,0.231
718663983,"Existing Customer",38,"F",1,"Doctorate","Single","Less than $40K",36,2,2,2,3466,2517,949,13140,94,0.726
813261408,"Existing Customer",52,"F",1,"Uneducated","Married","$40K - $60K",47,6,3,3,2151,1338,813,3446,58,0.622
717945108,"Existing Customer",49,"F",3,"Graduate","Unknown","$40K - $60K",36,6,1,2,3088,1477,1611,5095,77,0.478
713512308,"Attrited Customer",50,"F",0,"Graduate","Single","Less than $40K",41,2,3,1,3423,0,3423,2229,45,0
715588908,"Existing Customer",42,"F",4,"Graduate","Single","Less than $40K",32,3,2,3,6158,0,6158,3132,66,0
715055433,"Existing Customer",36,"M",3,"Uneducated","Married","$60K - $80K",22,6,3,4,2224,1772,452,2004,44,0.797
786557358,"Existing Customer",44,"F",1,"Unknown","Married","Less than $40K",38,5,2,4,3242,799,2443,1424,37,0.246
716878533,"Existing Customer",55,"M",2,"Unknown","Married","$80K - $120K",46,4,1,1,10979,1889,9090,1425,33,0.172
714725883,"Existing Customer",41,"F",4,"Graduate","Divorced","$40K - $60K",36,4,1,0,5654,2470,3184,15123,111,0.437
709500183,"Attrited Customer",46,"F",3,"College","Married","Less than $40K",36,2,3,4,1804,0,1804,2077,44,0
709112508,"Attrited Customer",42,"F",3,"College","Single","Less than $40K",36,3,3,4,3802,1300,2502,2165,36,0.342
718772133,"Existing Customer",56,"M",3,"Graduate","Married","$80K - $120K",47,6,3,3,10230,1082,9148,1484,34,0.106
711136008,"Existing Customer",41,"M",4,"Graduate","Single","$80K - $120K",33,1,1,3,31560,1298,30262,7641,93,0.041
794627208,"Existing Customer",43,"M",1,"High School","Married","$60K - $80K",23,4,3,2,7189,1550,5639,1935,52,0.216
713592408,"Existing Customer",43,"F",3,"High School","Married","Less than $40K",28,3,3,2,2590,0,2590,3391,66,0
785285883,"Attrited Customer",49,"F",3,"Graduate","Single","Less than $40K",43,6,3,4,1675,0,1675,2622,53,0
716860233,"Existing Customer",51,"F",3,"Uneducated","Married","Less than $40K",39,3,3,0,8148,701,7447,4124,87,0.086
717132633,"Existing Customer",62,"M",0,"Uneducated","Single","$40K - $60K",50,3,2,2,7348,1466,5882,3066,61,0.2
753226158,"Existing Customer",34,"F",2,"Graduate","Married","Less than $40K",24,6,2,2,3663,1853,1810,1826,35,0.506
772468983,"Existing Customer",36,"M",1,"Post-Graduate","Married","$80K - $120K",26,3,4,2,21927,1291,20636,1946,37,0.059
715309083,"Existing Customer",50,"F",2,"Graduate","Married","Less than $40K",36,2,3,2,1912,0,1912,4851,87,0
827451333,"Attrited Customer",54,"F",2,"Uneducated","Married","Less than $40K",50,3,6,3,2247,0,2247,2615,37,0
769574883,"Existing Customer",41,"M",2,"High School","Married","$40K - $60K",32,3,1,3,12804,2517,10287,1101,37,0.197
714034158,"Existing Customer",46,"F",4,"Unknown","Married","Less than $40K",38,5,2,3,3331,1307,2024,3946,69,0.392
710512833,"Existing Customer",38,"F",2,"Graduate","Married","Less than $40K",29,6,1,1,3304,1338,1966,5178,79,0.405
709272333,"Existing Customer",59,"F",1,"Uneducated","Unknown","Less than $40K",45,6,3,3,9899,2023,7876,4579,73,0.204
718388733,"Existing Customer",38,"F",1,"College","Unknown","Less than $40K",32,2,3,3,2609,1259,1350,8677,96,0.483
786509358,"Existing Customer",44,"M",3,"Unknown","Married","$80K - $120K",38,3,1,4,4198,1782,2416,2051,36,0.424
771666783,"Existing Customer",43,"F",5,"College","Married","$40K - $60K",31,5,1,1,5302,1136,4166,4883,68,0.214
711792783,"Existing Customer",45,"F",3,"Unknown","Divorced","$40K - $60K",26,1,1,2,2032,1195,837,4479,80,0.588
708532308,"Existing Customer",37,"M",2,"Uneducated","Single","$60K - $80K",36,4,2,2,11419,2517,8902,3000,70,0.22
718206783,"Existing Customer",45,"F",4,"Unknown","Single","Less than $40K",36,6,1,3,15987,1648,14339,1436,36,0.103
718343058,"Existing Customer",52,"F",2,"High School","Divorced","Less than $40K",40,1,2,3,5240,2517,2723,14161,105,0.48
820268358,"Existing Customer",48,"F",4,"Post-Graduate","Unknown","Less than $40K",43,4,1,3,2357,1462,895,4534,75,0.62
718888308,"Existing Customer",53,"M",3,"Graduate","Single","$80K - $120K",36,4,3,2,34516,2517,31999,1475,33,0.073
715497558,"Attrited Customer",44,"F",1,"College","Married","Less than $40K",36,6,3,3,3052,0,3052,2598,47,0
798120858,"Existing Customer",37,"M",3,"Uneducated","Married","$80K - $120K",31,4,2,2,3797,1425,2372,2555,44,0.375
818308533,"Existing Customer",47,"M",5,"Post-Graduate","Married","Less than $40K",41,4,2,1,3532,0,3532,3162,56,0
806392908,"Existing Customer",52,"F",4,"High School","Single","Unknown",47,6,2,3,7469,2338,5131,1212,33,0.313
708347583,"Existing Customer",37,"F",4,"Uneducated","Married","Less than $40K",36,4,1,4,2509,1144,1365,1804,38,0.456
710436108,"Existing Customer",41,"M",4,"High School","Unknown","$40K - $60K",29,5,4,2,3600,746,2854,4184,61,0.207
780707733,"Existing Customer",41,"M",1,"Graduate","Married","$80K - $120K",30,3,3,2,34516,2109,32407,6832,87,0.061
709465758,"Existing Customer",62,"F",1,"Post-Graduate","Married","Less than $40K",53,3,1,3,1438.3,0,1438.3,902,31,0
716739258,"Existing Customer",43,"F",4,"Unknown","Single","Less than $40K",33,5,2,4,1438.3,0,1438.3,3932,62,0
708416433,"Attrited Customer",41,"F",1,"High School","Single","Less than $40K",36,4,3,2,2372,0,2372,2499,41,0
709607733,"Existing Customer",40,"F",3,"College","Married","Unknown",36,4,2,4,9191,1666,7525,4275,83,0.181
717403158,"Existing Customer",60,"F",0,"Uneducated","Single","Less than $40K",47,1,2,2,9634,2076,7558,14218,102,0.215
714600258,"Existing Customer",45,"M",2,"Post-Graduate","Married","$60K - $80K",36,1,2,2,5945,2015,3930,3645,70,0.339
714032883,"Existing Customer",45,"M",2,"College","Unknown","$40K - $60K",36,1,1,1,4718,1591,3127,4598,80,0.337
717268458,"Existing Customer",61,"M",0,"Graduate","Married","$60K - $80K",49,4,3,4,3352,1713,1639,1952,50,0.511
708204033,"Existing Customer",36,"F",5,"Unknown","Single","Less than $40K",24,3,1,1,2980,2093,887,4132,70,0.702
712024908,"Existing Customer",56,"F",1,"College","Married","Less than $40K",36,6,2,3,2641,1257,1384,1439,39,0.476
721174008,"Existing Customer",37,"M",2,"Uneducated","Married","$120K +",23,4,3,3,7607,2170,5437,4495,77,0.285
714196008,"Existing Customer",43,"M",2,"Graduate","Unknown","$60K - $80K",25,5,3,1,7534,0,7534,4685,79,0
708794133,"Existing Customer",46,"F",4,"High School","Unknown","Less than $40K",37,3,1,4,2533,2136,397,3197,50,0.843
712709508,"Existing Customer",48,"F",2,"Unknown","Single","Unknown",40,3,3,4,8012,0,8012,2645,63,0
766322883,"Existing Customer",33,"F",3,"College","Single","$40K - $60K",26,6,3,5,6316,1344,4972,2401,71,0.213
714387108,"Existing Customer",51,"M",3,"Graduate","Single","$80K - $120K",43,4,2,3,10458,0,10458,3481,51,0
719925483,"Existing Customer",46,"M",4,"Graduate","Married","$80K - $120K",36,2,1,1,2171,1043,1128,4531,88,0.48
710853033,"Existing Customer",36,"F",1,"Doctorate","Unknown","Less than $40K",36,3,2,2,4943,1204,3739,4024,82,0.244
720674133,"Existing Customer",36,"M",1,"Uneducated","Married","$40K - $60K",16,5,3,2,3735,2027,1708,1672,48,0.543
721347408,"Existing Customer",55,"F",1,"High School","Single","Less than $40K",43,4,2,0,2569,1403,1166,1456,39,0.546
784734258,"Existing Customer",56,"F",2,"Unknown","Divorced","$40K - $60K",50,5,2,2,5084,1683,3401,4060,55,0.331
710202783,"Existing Customer",33,"M",2,"Graduate","Married","$60K - $80K",13,3,3,3,1963,1721,242,1378,37,0.877
768243858,"Attrited Customer",54,"M",3,"High School","Married","$80K - $120K",48,3,4,3,3288,2517,771,2717,46,0.766
711692508,"Attrited Customer",54,"F",2,"Post-Graduate","Married","Less than $40K",47,3,4,3,1438.3,0,1438.3,1154,22,0
719606133,"Existing Customer",42,"M",2,"Graduate","Single","$60K - $80K",31,3,2,1,5169,2296,2873,4656,88,0.444
712662783,"Attrited Customer",43,"F",2,"College","Married","Unknown",36,1,2,6,3793,2517,1276,2577,57,0.664
710663508,"Existing Customer",42,"M",4,"Uneducated","Married","$40K - $60K",33,1,2,2,3108,2280,828,14763,99,0.734
720801033,"Existing Customer",51,"F",1,"High School","Married","Unknown",36,3,2,3,9095,2517,6578,1347,27,0.277
715805133,"Existing Customer",52,"F",1,"High School","Single","Less than $40K",43,6,2,2,2705,1581,1124,5532,81,0.584
717381183,"Existing Customer",27,"F",0,"Graduate","Married","Less than $40K",36,3,2,2,1674,752,922,4513,57,0.449
720728133,"Existing Customer",44,"M",4,"Uneducated","Single","$40K - $60K",33,4,3,3,1714,0,1714,4180,71,0
708790833,"Existing Customer",42,"M",5,"Uneducated","Unknown","$120K +",31,5,3,2,6748,1467,5281,1201,42,0.217
720190908,"Existing Customer",59,"M",1,"High School","Single","$60K - $80K",51,6,2,4,8973,1300,7673,4699,72,0.145
771546708,"Existing Customer",46,"F",2,"Graduate","Single","Less than $40K",34,2,2,1,1438.3,0,1438.3,5013,81,0
788789658,"Existing Customer",40,"M",5,"Unknown","Unknown","$80K - $120K",22,6,1,4,4042,1744,2298,1471,37,0.431
712730583,"Existing Customer",29,"M",0,"Uneducated","Married","$60K - $80K",20,5,2,3,8592,1201,7391,1842,50,0.14
712984983,"Existing Customer",43,"F",2,"Unknown","Married","Less than $40K",30,1,3,2,2248,1853,395,7739,101,0.824
712778658,"Existing Customer",52,"F",3,"Graduate","Married","Less than $40K",39,4,3,3,2001,909,1092,4238,63,0.454
721044333,"Existing Customer",34,"F",2,"College","Single","Less than $40K",22,5,2,0,1695,761,934,4905,91,0.449
710232483,"Existing Customer",49,"F",1,"Uneducated","Married","Unknown",36,2,3,2,19846,2162,17684,16908,122,0.109
711201108,"Attrited Customer",37,"F",3,"High School","Single","Less than $40K",29,3,3,3,1653,0,1653,2284,35,0
717843783,"Existing Customer",33,"F",1,"College","Single","Less than $40K",17,4,3,2,13431,1583,11848,2338,71,0.118
789048858,"Existing Customer",32,"F",1,"Post-Graduate","Married","Less than $40K",20,5,2,3,2234,1865,369,2115,59,0.835
810220833,"Existing Customer",42,"M",4,"Graduate","Unknown","$40K - $60K",37,3,6,2,15871,2086,13785,1562,43,0.131
817035108,"Existing Customer",31,"M",2,"Graduate","Single","Less than $40K",14,4,3,3,6933,1870,5063,15585,115,0.27
714614133,"Attrited Customer",53,"F",3,"Unknown","Married","Less than $40K",36,3,3,3,2819,0,2819,2128,39,0
765692658,"Existing Customer",49,"F",4,"Graduate","Single","Less than $40K",42,4,3,4,2162,1882,280,3825,70,0.87
715085733,"Existing Customer",61,"M",0,"Graduate","Married","$40K - $60K",52,3,1,2,2939,1999,940,2434,33,0.68
711833508,"Existing Customer",47,"M",2,"High School","Single","$40K - $60K",27,2,3,2,1536,0,1536,4643,89,0
718229133,"Existing Customer",51,"M",2,"College","Married","$120K +",41,6,2,4,23742,0,23742,3783,57,0
780201633,"Attrited Customer",41,"F",3,"Graduate","Single","$40K - $60K",31,4,3,2,5655,1154,4501,2189,51,0.204
709830783,"Existing Customer",47,"M",5,"Unknown","Single","$120K +",36,5,2,2,34516,1686,32830,4039,72,0.049
712241433,"Existing Customer",38,"F",0,"High School","Single","Less than $40K",30,4,2,1,1438.3,1003,435.3,4247,84,0.697
779422458,"Existing Customer",31,"F",1,"Unknown","Divorced","Less than $40K",13,2,2,3,3533,1206,2327,16339,120,0.341
715259583,"Existing Customer",53,"F",2,"High School","Married","Less than $40K",44,3,2,3,5362,1901,3461,1553,38,0.355
820637433,"Existing Customer",45,"F",3,"High School","Married","Less than $40K",40,5,2,3,1603,0,1603,4041,66,0
713747733,"Existing Customer",55,"M",2,"High School","Married","$40K - $60K",47,5,3,2,3096,2217,879,2011,41,0.716
714513033,"Existing Customer",39,"F",1,"Unknown","Single","$40K - $60K",36,6,1,3,11213,0,11213,1257,23,0
712309758,"Existing Customer",65,"M",0,"Graduate","Single","$40K - $60K",49,3,2,3,13921,1201,12720,4351,75,0.086
717642633,"Existing Customer",51,"M",2,"Graduate","Married","$60K - $80K",40,3,3,3,3750,1801,1949,17995,116,0.48
713594883,"Attrited Customer",44,"F",2,"Uneducated","Single","Unknown",32,5,3,3,1486,849,637,2380,43,0.571
716439258,"Existing Customer",32,"M",3,"Graduate","Married","$60K - $80K",36,1,1,1,3223,1413,1810,13648,103,0.438
710924658,"Existing Customer",52,"F",2,"High School","Single","$40K - $60K",36,1,2,2,2540,1093,1447,9339,99,0.43
827968383,"Existing Customer",43,"F",3,"High School","Unknown","Less than $40K",39,5,3,2,3370,2284,1086,4084,70,0.678
715506258,"Existing Customer",50,"M",2,"High School","Married","$80K - $120K",36,6,2,1,16388,2001,14387,4477,83,0.122
708720558,"Existing Customer",44,"M",3,"College","Married","$60K - $80K",30,5,2,0,4489,0,4489,3773,64,0
708394908,"Existing Customer",44,"M",0,"High School","Single","$40K - $60K",33,5,1,3,2337,1442,895,3945,65,0.617
714154533,"Existing Customer",45,"F",3,"High School","Single","Unknown",36,6,1,2,3111,1994,1117,4478,56,0.641
720595083,"Existing Customer",40,"F",3,"Unknown","Married","Less than $40K",30,4,2,3,1620,1278,342,4530,69,0.789
709520058,"Attrited Customer",53,"M",5,"Uneducated","Married","$120K +",38,4,2,2,19138,0,19138,2028,43,0
779027733,"Existing Customer",53,"F",4,"Unknown","Single","Less than $40K",34,6,2,2,6721,1115,5606,3718,51,0.166
711256908,"Existing Customer",39,"M",2,"High School","Single","$60K - $80K",28,6,3,3,10331,957,9374,3695,81,0.093
717123858,"Existing Customer",36,"F",1,"Graduate","Married","$40K - $60K",36,5,1,3,3635,1617,2018,4045,62,0.445
711675108,"Existing Customer",43,"F",3,"Graduate","Single","Less than $40K",30,3,3,1,4075,2189,1886,3956,71,0.537
719855958,"Existing Customer",41,"M",4,"High School","Single","$60K - $80K",28,6,1,4,4475,0,4475,3367,66,0
778712658,"Existing Customer",52,"F",0,"Uneducated","Married","Less than $40K",34,4,4,3,2001,960,1041,4026,86,0.48
710493558,"Attrited Customer",46,"F",1,"Post-Graduate","Married","$40K - $60K",38,3,2,2,1803,0,1803,1979,37,0
710125608,"Existing Customer",45,"F",5,"Unknown","Single","Less than $40K",36,4,2,0,2679,1558,1121,4756,73,0.582
710312658,"Existing Customer",54,"F",2,"Unknown","Married","Less than $40K",43,4,3,3,6266,1819,4447,1456,27,0.29
712071708,"Existing Customer",63,"F",0,"Graduate","Married","Less than $40K",36,6,3,4,2107,1351,756,1320,35,0.641
721511883,"Existing Customer",40,"F",3,"Graduate","Single","Less than $40K",28,6,2,2,1709,0,1709,4981,79,0
797495958,"Existing Customer",42,"F",3,"Unknown","Unknown","$40K - $60K",36,3,2,2,3015,0,3015,4277,80,0
720904233,"Existing Customer",53,"M",0,"Graduate","Married","$80K - $120K",41,3,3,2,16033,560,15473,1158,31,0.035
717960033,"Existing Customer",52,"F",1,"Graduate","Single","Less than $40K",44,6,3,1,2484,1495,989,4084,86,0.602
807157833,"Existing Customer",56,"F",4,"Uneducated","Single","Unknown",51,5,1,1,3334,1272,2062,4284,73,0.382
779945508,"Existing Customer",50,"F",1,"Graduate","Married","Less than $40K",35,5,2,2,3510,1881,1629,3808,81,0.536
709169133,"Existing Customer",35,"F",1,"High School","Married","Unknown",23,3,3,1,1438.3,0,1438.3,3995,82,0
715573758,"Existing Customer",43,"M",4,"Uneducated","Married","$120K +",36,1,2,1,34516,1816,32700,15226,113,0.053
787441383,"Existing Customer",52,"F",0,"Graduate","Married","Less than $40K",37,3,1,2,1793,1284,509,3989,62,0.716
720879708,"Existing Customer",52,"M",2,"High School","Single","$80K - $120K",44,3,2,4,28186,1308,26878,2853,64,0.046
719525358,"Existing Customer",52,"M",0,"Graduate","Single","$80K - $120K",43,4,3,3,8133,1942,6191,3310,76,0.239
713852958,"Existing Customer",51,"F",2,"Graduate","Single","Unknown",41,5,3,3,31501,1810,29691,3893,81,0.057
715956258,"Existing Customer",35,"F",1,"Uneducated","Married","Less than $40K",36,3,2,4,2004,0,2004,1974,60,0
713451408,"Existing Customer",47,"M",4,"High School","Divorced","$60K - $80K",36,6,1,3,1943,1654,289,3392,70,0.851
711047658,"Existing Customer",46,"F",3,"High School","Married","Less than $40K",38,4,2,2,1781,1315,466,4775,83,0.738
779008158,"Existing Customer",54,"F",4,"Graduate","Single","Less than $40K",43,3,1,4,2191,1655,536,4961,71,0.755
793889508,"Existing Customer",48,"F",2,"Graduate","Married","$40K - $60K",42,4,3,3,4076,0,4076,1235,37,0
708688608,"Existing Customer",62,"F",1,"High School","Married","Less than $40K",48,5,3,1,3140,1985,1155,1626,41,0.632
713061558,"Existing Customer",44,"M",2,"Graduate","Married","$40K - $60K",36,3,1,2,4010,1247,2763,1088,24,0.311
712990458,"Existing Customer",44,"F",3,"Graduate","Married","Unknown",34,2,2,1,31699,1976,29723,13653,113,0.062
710476908,"Existing Customer",39,"F",3,"Graduate","Married","Unknown",28,3,3,3,9371,1066,8305,4754,78,0.114
714435408,"Existing Customer",57,"M",3,"High School","Single","$80K - $120K",38,4,3,1,12663,1028,11635,3297,54,0.081
710639658,"Attrited Customer",29,"M",1,"High School","Single","$60K - $80K",17,6,1,3,17744,829,16915,9658,78,0.047
718137183,"Existing Customer",58,"F",1,"College","Married","Less than $40K",38,4,2,3,3331,2251,1080,5379,92,0.676
740065833,"Existing Customer",47,"F",3,"Graduate","Single","Less than $40K",40,1,2,2,11128,2517,8611,8526,93,0.226
811942983,"Existing Customer",55,"M",2,"High School","Married","$120K +",50,3,2,3,17627,1756,15871,4836,74,0.1
716762733,"Existing Customer",50,"F",2,"Doctorate","Single","Less than $40K",40,2,1,1,3449,1634,1815,8300,94,0.474
708928908,"Existing Customer",39,"F",1,"Graduate","Single","Less than $40K",23,4,3,3,2533,0,2533,5128,74,0
718431258,"Existing Customer",41,"M",4,"High School","Single","$60K - $80K",28,4,3,3,3126,1503,1623,3662,74,0.481
824192658,"Existing Customer",58,"F",3,"Post-Graduate","Single","Less than $40K",54,4,2,3,8886,0,8886,4148,79,0
721053633,"Existing Customer",45,"M",2,"College","Single","$40K - $60K",31,2,2,1,6530,1425,5105,8904,101,0.218
824163333,"Existing Customer",43,"F",5,"Uneducated","Single","Less than $40K",39,3,2,4,3161,2424,737,4307,66,0.767
779480658,"Existing Customer",58,"F",4,"Graduate","Married","Unknown",42,3,3,4,10247,1600,8647,1754,44,0.156
789529158,"Existing Customer",44,"M",4,"High School","Single","$60K - $80K",36,1,1,3,2946,743,2203,8553,88,0.252
712974558,"Existing Customer",56,"F",2,"College","Single","Less than $40K",43,1,3,1,5254,0,5254,4546,89,0
708997833,"Existing Customer",49,"F",4,"Doctorate","Single","$40K - $60K",39,5,3,1,3255,603,2652,4045,62,0.185
813213558,"Existing Customer",53,"F",1,"Doctorate","Single","Less than $40K",48,4,3,3,2267,1469,798,3709,64,0.648
789170283,"Existing Customer",53,"M",1,"Graduate","Unknown","$80K - $120K",42,5,5,4,6514,978,5536,3084,63,0.15
797150733,"Attrited Customer",44,"M",3,"Unknown","Single","$40K - $60K",38,5,2,2,1643,0,1643,1754,39,0
772569033,"Existing Customer",44,"M",0,"High School","Divorced","$80K - $120K",34,5,2,2,5293,1236,4057,4572,90,0.234
714306258,"Existing Customer",56,"M",1,"College","Married","$60K - $80K",46,3,2,1,10117,2242,7875,1509,44,0.222
710916408,"Existing Customer",57,"M",4,"Graduate","Married","$60K - $80K",39,4,3,0,8466,1886,6580,1342,32,0.223
787475433,"Existing Customer",36,"F",2,"Doctorate","Single","Unknown",23,5,2,3,6966,905,6061,4855,69,0.13
779473308,"Existing Customer",32,"M",0,"Uneducated","Single","$60K - $80K",14,4,3,3,8186,0,8186,2411,67,0
826261008,"Attrited Customer",48,"F",3,"Graduate","Unknown","Less than $40K",44,3,3,2,1438.3,0,1438.3,2054,46,0
716938383,"Existing Customer",41,"M",4,"Unknown","Married","$80K - $120K",28,3,2,3,34516,0,34516,3811,61,0
711028308,"Existing Customer",44,"F",4,"Graduate","Married","Less than $40K",36,4,1,0,1717,0,1717,1468,29,0
708332808,"Existing Customer",47,"M",2,"Uneducated","Married","$40K - $60K",39,2,2,2,3471,0,3471,14381,115,0
715443708,"Existing Customer",53,"M",1,"Uneducated","Married","$120K +",45,5,1,3,9343,1286,8057,1385,31,0.138
708873183,"Existing Customer",47,"M",2,"Post-Graduate","Single","$60K - $80K",39,1,3,2,17575,618,16957,15473,128,0.035
720580383,"Existing Customer",50,"F",3,"Graduate","Married","Less than $40K",37,3,2,4,1438.3,0,1438.3,3637,80,0
713854608,"Existing Customer",62,"M",1,"Uneducated","Married","$60K - $80K",36,6,3,3,9521,1669,7852,2444,63,0.175
813764283,"Existing Customer",39,"M",3,"High School","Married","$80K - $120K",34,2,1,2,17978,1820,16158,15657,114,0.101
710279508,"Existing Customer",52,"M",2,"Graduate","Married","$80K - $120K",42,5,3,2,21782,1006,20776,1537,35,0.046
775198608,"Existing Customer",38,"F",2,"Graduate","Married","Less than $40K",32,5,3,3,4429,0,4429,1970,40,0
812218908,"Attrited Customer",46,"F",2,"Unknown","Married","Less than $40K",36,2,3,2,4065,2517,1548,2899,51,0.619
819151083,"Existing Customer",46,"M",5,"High School","Single","$60K - $80K",41,3,3,4,7478,1775,5703,4042,79,0.237
708382083,"Existing Customer",49,"M",5,"High School","Married","$80K - $120K",36,6,2,2,2292,0,2292,2584,60,0
711129483,"Existing Customer",45,"M",3,"Graduate","Married","$60K - $80K",36,3,1,3,14593,1504,13089,3447,72,0.103
808284783,"Existing Customer",62,"F",1,"Unknown","Married","Less than $40K",56,6,0,0,1438.3,0,1438.3,1951,44,0
771500358,"Existing Customer",43,"F",2,"Uneducated","Divorced","Less than $40K",31,5,3,1,4332,1313,3019,4093,84,0.303
715812258,"Existing Customer",45,"M",2,"High School","Married","$80K - $120K",34,5,5,2,12518,1539,10979,1165,33,0.123
718574808,"Existing Customer",33,"F",2,"Graduate","Single","Less than $40K",17,4,3,4,2431,1846,585,4327,74,0.759
755615208,"Existing Customer",49,"M",3,"High School","Single","$120K +",42,5,3,2,12630,1822,10808,4084,66,0.144
719816583,"Attrited Customer",46,"M",3,"Doctorate","Married","$120K +",38,3,2,2,8989,552,8437,2309,49,0.061
788980983,"Existing Customer",55,"M",1,"High School","Single","$80K - $120K",42,1,4,2,34516,1583,32933,12192,112,0.046
712659408,"Existing Customer",57,"M",1,"High School","Married","$40K - $60K",45,3,3,2,2721,2159,562,4578,81,0.793
720426708,"Attrited Customer",56,"M",3,"High School","Single","$60K - $80K",45,2,1,3,8512,0,8512,811,27,0
719410083,"Existing Customer",49,"F",2,"Unknown","Single","Less than $40K",36,4,3,0,1635,1220,415,4807,56,0.746
787581858,"Existing Customer",46,"M",2,"Unknown","Unknown","$120K +",37,3,2,4,3132,1466,1666,3612,59,0.468
712307283,"Attrited Customer",54,"M",1,"College","Single","$120K +",37,6,2,3,9090,2517,6573,2239,43,0.277
808279158,"Existing Customer",51,"M",3,"Graduate","Married","$80K - $120K",46,1,3,1,11765,1429,10336,8914,99,0.121
721022433,"Existing Customer",44,"M",2,"Doctorate","Single","$60K - $80K",36,5,1,2,7577,2480,5097,1409,35,0.327
771106458,"Existing Customer",54,"F",4,"College","Married","Less than $40K",41,1,5,2,2444,1313,1131,4609,61,0.537
809966058,"Existing Customer",48,"F",2,"Unknown","Married","Less than $40K",37,4,4,2,2835,1860,975,4569,81,0.656
713661933,"Existing Customer",44,"F",1,"College","Married","Less than $40K",33,5,1,3,1522,0,1522,4835,70,0
719473458,"Existing Customer",46,"M",3,"High School","Single","$40K - $60K",42,3,2,1,8285,1359,6926,7205,84,0.164
719282433,"Existing Customer",60,"F",0,"Graduate","Single","Unknown",48,3,3,4,6417,1372,5045,3280,71,0.214
718756533,"Existing Customer",47,"M",2,"Uneducated","Married","$80K - $120K",41,1,2,1,13356,1497,11859,8963,105,0.112
796903083,"Attrited Customer",47,"F",1,"Doctorate","Married","$40K - $60K",36,2,3,2,1438.3,0,1438.3,2584,42,0
788838033,"Attrited Customer",45,"M",2,"College","Single","$60K - $80K",29,3,2,4,3841,0,3841,2832,48,0
809855808,"Existing Customer",51,"F",2,"Graduate","Married","Less than $40K",46,5,2,2,5207,1650,3557,1339,20,0.317
771749733,"Existing Customer",41,"M",2,"Graduate","Single","$40K - $60K",30,5,2,3,17706,1081,16625,3680,81,0.061
708996708,"Existing Customer",55,"M",1,"Graduate","Single","$80K - $120K",46,3,1,1,21032,1409,19623,15584,105,0.067
714593883,"Existing Customer",53,"F",2,"Graduate","Married","Less than $40K",45,1,2,1,12100,1350,10750,13138,115,0.112
711109908,"Existing Customer",43,"F",4,"Uneducated","Married","Less than $40K",36,2,1,1,9684,2475,7209,1400,31,0.256
717531483,"Existing Customer",37,"M",2,"High School","Single","$60K - $80K",21,5,2,2,3433,964,2469,4444,87,0.281
768390708,"Existing Customer",47,"M",2,"Unknown","Single","$80K - $120K",41,6,1,1,2877,1136,1741,4006,68,0.395
778260108,"Existing Customer",50,"F",4,"Unknown","Married","$40K - $60K",41,1,2,2,4268,1509,2759,14351,112,0.354
717773433,"Existing Customer",57,"F",0,"Graduate","Married","Less than $40K",45,6,1,2,2448,0,2448,5464,98,0
737967708,"Existing Customer",52,"F",1,"Unknown","Married","$40K - $60K",45,5,1,1,1611,938,673,4087,86,0.582
711419133,"Existing Customer",56,"M",4,"Graduate","Single","Less than $40K",36,3,2,3,3057,1077,1980,4449,77,0.352
711583458,"Existing Customer",48,"F",2,"College","Married","Less than $40K",36,4,3,1,1438.3,0,1438.3,4913,82,0
721306908,"Existing Customer",61,"F",1,"Graduate","Single","Unknown",44,4,3,2,2303,540,1763,3440,46,0.234
714352533,"Existing Customer",47,"F",3,"Graduate","Married","$40K - $60K",29,1,2,2,15472,865,14607,14132,103,0.056
801783108,"Existing Customer",46,"M",3,"College","Married","$120K +",40,6,3,3,1438.3,0,1438.3,4833,69,0
797666358,"Existing Customer",46,"F",4,"Uneducated","Unknown","$40K - $60K",40,6,3,1,1474,843,631,4452,65,0.572
716170308,"Existing Customer",27,"F",0,"Graduate","Divorced","Unknown",36,5,1,0,13439,2003,11436,4715,86,0.149
812446158,"Existing Customer",54,"F",3,"Uneducated","Single","Less than $40K",49,2,2,2,1719,0,1719,4869,65,0
759947433,"Existing Customer",53,"M",3,"Graduate","Married","$120K +",46,1,2,2,13670,0,13670,4812,81,0
708831858,"Attrited Customer",43,"F",3,"Uneducated","Married","Less than $40K",30,1,3,4,4579,1506,3073,1915,44,0.329
711342483,"Existing Customer",50,"M",1,"College","Married","$80K - $120K",36,5,2,3,2418,1720,698,3896,58,0.711
817686633,"Existing Customer",26,"F",1,"College","Single","Less than $40K",15,5,2,4,1438.3,737,701.3,2856,39,0.512
711683358,"Attrited Customer",46,"F",3,"High School","Unknown","Less than $40K",41,2,3,4,3313,0,3313,2135,44,0
779333883,"Attrited Customer",51,"F",3,"Uneducated","Married","Less than $40K",33,3,3,3,7428,0,7428,8078,62,0
708340758,"Attrited Customer",41,"M",4,"High School","Married","Less than $40K",32,2,3,3,7769,0,7769,8109,74,0
779685558,"Existing Customer",53,"M",5,"Graduate","Single","$120K +",36,2,4,1,34516,2088,32428,15290,123,0.06
781337658,"Existing Customer",50,"F",1,"Graduate","Married","Less than $40K",44,3,1,2,2602,1612,990,5532,85,0.62
715636533,"Existing Customer",48,"F",3,"High School","Married","Less than $40K",36,4,1,2,3716,0,3716,4833,73,0
717538683,"Existing Customer",43,"M",3,"Graduate","Married","$120K +",36,3,2,2,22906,1132,21774,3204,64,0.049
718958583,"Attrited Customer",44,"M",4,"Post-Graduate","Single","$80K - $120K",36,5,3,2,2367,1606,761,4506,59,0.678
717631008,"Existing Customer",38,"M",2,"Graduate","Married","$80K - $120K",31,4,1,2,24296,0,24296,1886,48,0
716112933,"Attrited Customer",39,"F",3,"Graduate","Married","Unknown",36,3,2,3,1575,592,983,644,15,0.376
708702258,"Attrited Customer",40,"F",3,"Uneducated","Single","Unknown",36,3,2,2,3698,478,3220,2051,31,0.129
714046608,"Existing Customer",49,"M",0,"Doctorate","Married","$60K - $80K",39,5,6,3,19719,1395,18324,3572,73,0.071
709955958,"Existing Customer",41,"F",1,"High School","Single","Less than $40K",33,4,2,0,8054,1023,7031,3374,45,0.127
714237033,"Attrited Customer",42,"F",4,"Uneducated","Married","Unknown",36,6,2,3,5557,2246,3311,2299,39,0.404
716790633,"Attrited Customer",43,"M",3,"Graduate","Married","$60K - $80K",36,4,2,3,17239,0,17239,1789,38,0
718201383,"Existing Customer",49,"M",1,"College","Married","$60K - $80K",43,6,3,4,22036,1560,20476,2139,48,0.071
779725833,"Existing Customer",42,"M",2,"Graduate","Single","$60K - $80K",26,4,3,2,11761,1775,9986,4946,73,0.151
719248158,"Existing Customer",52,"M",2,"High School","Divorced","$60K - $80K",42,1,3,2,7261,1443,5818,14533,108,0.199
713213133,"Existing Customer",36,"M",2,"Graduate","Single","$40K - $60K",36,2,2,1,6763,1660,5103,4972,76,0.245
720198183,"Existing Customer",42,"M",5,"College","Married","$40K - $60K",27,1,3,1,2437,1718,719,8028,77,0.705
720480183,"Existing Customer",45,"F",3,"Unknown","Divorced","Less than $40K",34,1,2,1,1811,787,1024,4882,80,0.435
819688458,"Attrited Customer",44,"F",5,"Graduate","Unknown","Less than $40K",39,6,3,2,1545,0,1545,2646,39,0
714516783,"Existing Customer",54,"F",0,"Graduate","Divorced","Less than $40K",36,4,3,1,12547,1378,11169,3360,56,0.11
715391433,"Existing Customer",38,"M",0,"Graduate","Married","$60K - $80K",33,5,4,4,11741,1560,10181,2143,41,0.133
711701058,"Existing Customer",48,"F",4,"Graduate","Married","Less than $40K",36,2,2,3,10973,1466,9507,4892,94,0.134
716580033,"Existing Customer",53,"M",3,"High School","Married","$120K +",36,3,1,3,21178,1796,19382,1872,59,0.085
807426033,"Existing Customer",37,"M",2,"Unknown","Single","$60K - $80K",32,4,1,1,2865,1176,1689,3462,61,0.41
788755158,"Existing Customer",49,"M",3,"High School","Married","$60K - $80K",29,4,3,1,1438.3,535,903.3,3016,80,0.372
813810333,"Attrited Customer",50,"M",3,"Post-Graduate","Married","$60K - $80K",45,6,4,3,2049,0,2049,2703,54,0
713701533,"Existing Customer",51,"M",2,"Unknown","Married","$80K - $120K",39,4,3,2,9773,1998,7775,3578,71,0.204
721525758,"Existing Customer",45,"M",5,"Doctorate","Married","$80K - $120K",35,2,2,2,2226,1229,997,4928,77,0.552
715235808,"Existing Customer",47,"F",3,"Uneducated","Married","Less than $40K",36,3,3,2,1819,1235,584,4636,75,0.679
710090958,"Existing Customer",51,"M",3,"College","Married","$80K - $120K",40,6,3,3,1844,1232,612,4182,71,0.668
712783083,"Attrited Customer",48,"F",4,"High School","Married","Less than $40K",37,1,2,3,3607,0,3607,2013,35,0
789859833,"Existing Customer",41,"M",4,"Doctorate","Unknown","Less than $40K",31,6,2,1,2515,1767,748,4388,67,0.703
711556533,"Existing Customer",43,"F",1,"Graduate","Unknown","Unknown",36,6,3,3,9851,0,9851,1212,24,0
710363433,"Existing Customer",26,"M",0,"High School","Single","Less than $40K",36,6,3,3,2735,1348,1387,2441,58,0.493
714581358,"Attrited Customer",48,"F",3,"Graduate","Single","Less than $40K",43,3,3,4,1502,0,1502,2204,36,0
715490733,"Existing Customer",54,"F",3,"Uneducated","Single","Unknown",36,5,1,2,11975,1542,10433,1211,35,0.129
814995933,"Existing Customer",58,"F",3,"Graduate","Married","Less than $40K",53,5,3,2,5798,1794,4004,1724,45,0.309
789945933,"Existing Customer",61,"F",1,"Graduate","Single","Less than $40K",52,3,3,1,1438.3,0,1438.3,3560,67,0
712701333,"Existing Customer",53,"M",3,"High School","Married","$60K - $80K",43,5,3,2,5264,2169,3095,1219,27,0.412
719320833,"Existing Customer",39,"M",2,"Post-Graduate","Married","$60K - $80K",36,6,3,2,5471,2056,3415,1992,46,0.376
713936583,"Existing Customer",54,"M",2,"Graduate","Married","$60K - $80K",43,6,3,1,6224,1892,4332,2187,58,0.304
714678408,"Existing Customer",48,"F",4,"Post-Graduate","Married","Less than $40K",31,6,6,4,2646,1983,663,4727,83,0.749
715908558,"Existing Customer",44,"M",0,"Graduate","Unknown","$60K - $80K",36,1,1,1,29572,1584,27988,7566,88,0.054
788638908,"Existing Customer",43,"F",2,"Graduate","Divorced","Less than $40K",30,4,2,4,2351,2127,224,4278,71,0.905
772177308,"Existing Customer",47,"F",2,"Unknown","Unknown","Less than $40K",36,4,2,2,1738,0,1738,2572,62,0
793395933,"Existing Customer",59,"F",1,"High School","Single","Less than $40K",53,4,3,3,2716,1740,976,4208,69,0.641
745435533,"Existing Customer",44,"M",2,"Unknown","Married","$80K - $120K",37,6,1,3,2617,2517,100,3104,70,0.962
717207408,"Existing Customer",39,"F",1,"Uneducated","Divorced","Unknown",34,4,1,2,12512,666,11846,2995,60,0.053
714266883,"Attrited Customer",54,"F",4,"Post-Graduate","Unknown","Less than $40K",44,5,3,3,2440,503,1937,2334,51,0.206
779338683,"Existing Customer",62,"M",1,"Graduate","Married","$60K - $80K",44,5,2,2,14825,962,13863,1904,49,0.065
710636208,"Existing Customer",51,"M",3,"Uneducated","Married","$120K +",40,3,5,3,34516,0,34516,3847,74,0
716247708,"Existing Customer",51,"M",4,"College","Single","$120K +",33,2,2,2,34516,1848,32668,14149,103,0.054
708266883,"Attrited Customer",34,"F",2,"Graduate","Single","Less than $40K",36,1,2,3,1666,0,1666,2312,35,0
715662258,"Existing Customer",49,"F",3,"Unknown","Unknown","Less than $40K",36,3,1,2,2454,2060,394,3777,75,0.839
713442933,"Existing Customer",49,"M",3,"Unknown","Married","$40K - $60K",32,4,3,3,3114,2208,906,5219,86,0.709
772472208,"Existing Customer",50,"M",1,"Uneducated","Married","$60K - $80K",40,6,1,4,4092,996,3096,2298,48,0.243
780126033,"Attrited Customer",50,"M",4,"Unknown","Married","$40K - $60K",35,6,1,5,12914,1227,11687,2082,54,0.095
721315233,"Existing Customer",47,"M",4,"High School","Single","$40K - $60K",32,3,3,4,18535,1192,17343,3780,70,0.064
778137108,"Existing Customer",43,"M",4,"High School","Single","$80K - $120K",37,6,1,2,30503,2517,27986,1860,47,0.083
719679858,"Existing Customer",58,"F",2,"Uneducated","Married","$40K - $60K",47,3,2,2,2848,1468,1380,1135,27,0.515
709388058,"Existing Customer",43,"F",4,"Graduate","Single","Less than $40K",34,2,3,2,2005,1263,742,4906,80,0.63
789419658,"Existing Customer",47,"F",4,"College","Married","Unknown",38,3,2,1,1438.3,0,1438.3,4503,89,0
717371583,"Attrited Customer",56,"F",2,"Uneducated","Single","Less than $40K",36,1,3,5,1883,400,1483,1954,45,0.212
715187733,"Existing Customer",26,"F",1,"Unknown","Single","Unknown",15,3,4,3,5464,0,5464,2473,46,0
765940683,"Existing Customer",37,"M",3,"Uneducated","Single","$80K - $120K",30,5,2,2,11277,1747,9530,2033,56,0.155
709700058,"Existing Customer",52,"F",2,"Graduate","Single","$40K - $60K",33,5,2,2,6081,989,5092,4451,70,0.163
717906783,"Existing Customer",41,"M",5,"Graduate","Single","$120K +",29,5,2,2,5207,1748,3459,1310,26,0.336
720891633,"Attrited Customer",53,"F",2,"High School","Single","Less than $40K",46,6,1,2,3199,0,3199,4805,59,0
708229308,"Attrited Customer",49,"F",2,"Unknown","Married","Less than $40K",41,5,2,2,3243,0,3243,6059,71,0
710594358,"Existing Customer",28,"F",0,"Unknown","Single","Less than $40K",36,4,3,4,14910,873,14037,2560,72,0.059
720470133,"Existing Customer",59,"M",0,"Graduate","Single","Less than $40K",36,5,3,3,3604,1483,2121,4576,87,0.411
820394733,"Existing Customer",52,"M",0,"College","Married","$120K +",47,2,1,1,34516,1464,33052,7690,87,0.042
719770158,"Attrited Customer",54,"F",3,"Post-Graduate","Single","Less than $40K",49,1,4,3,8516,0,8516,2189,37,0
779713608,"Existing Customer",52,"M",2,"High School","Married","$120K +",36,5,1,2,2981,1358,1623,1648,30,0.456
712886733,"Existing Customer",44,"F",1,"Graduate","Unknown","Less than $40K",32,3,3,3,1780,1338,442,4268,87,0.752
798962058,"Existing Customer",36,"F",5,"Graduate","Married","Less than $40K",30,3,3,3,3103,2399,704,1836,48,0.773
821724483,"Attrited Customer",48,"M",4,"Unknown","Single","$40K - $60K",43,2,3,2,11272,1744,9528,1455,34,0.155
713398158,"Existing Customer",45,"M",3,"Post-Graduate","Married","$40K - $60K",30,2,2,2,3821,1673,2148,15005,89,0.438
795920358,"Existing Customer",33,"F",2,"High School","Married","Less than $40K",27,3,2,3,7185,0,7185,2679,45,0
709362033,"Attrited Customer",52,"F",1,"Graduate","Married","Less than $40K",42,1,5,3,1471,0,1471,2253,48,0
711765708,"Existing Customer",39,"F",1,"Graduate","Unknown","Less than $40K",36,3,4,1,6690,1912,4778,3875,60,0.286
721210158,"Existing Customer",29,"M",2,"College","Married","$40K - $60K",17,3,1,3,4626,1232,3394,14740,102,0.266
714550383,"Existing Customer",46,"M",2,"High School","Single","$40K - $60K",36,4,3,3,4129,0,4129,1678,40,0
718244958,"Existing Customer",36,"F",2,"Graduate","Married","Unknown",26,5,2,2,8621,1251,7370,1989,37,0.145
790119408,"Attrited Customer",48,"F",3,"Uneducated","Married","Less than $40K",41,5,3,2,4960,0,4960,2430,48,0
709904508,"Existing Customer",59,"F",0,"Post-Graduate","Single","$40K - $60K",40,5,3,3,2634,1644,990,4190,71,0.624
793952133,"Existing Customer",32,"F",0,"High School","Married","Less than $40K",26,6,2,3,2778,2312,466,1680,33,0.832
779670783,"Existing Customer",40,"M",3,"Unknown","Single","$80K - $120K",23,6,2,2,12559,0,12559,4700,71,0
721440633,"Existing Customer",55,"F",1,"High School","Single","Less than $40K",36,5,2,3,7982,897,7085,4387,71,0.112
720479058,"Existing Customer",50,"F",1,"Post-Graduate","Single","Less than $40K",39,4,2,2,1438.3,851,587.3,4379,64,0.592
720467583,"Existing Customer",52,"M",2,"High School","Single","$80K - $120K",46,3,3,2,34516,2517,31999,3072,67,0.073
709902108,"Existing Customer",51,"M",2,"High School","Married","$80K - $120K",40,4,3,2,8169,794,7375,4927,70,0.097
719547033,"Attrited Customer",40,"M",4,"Unknown","Married","$80K - $120K",31,1,3,6,23502,0,23502,7957,60,0
798796233,"Existing Customer",37,"F",3,"High School","Married","$40K - $60K",31,5,3,3,1586,1038,548,1724,24,0.654
818375733,"Attrited Customer",51,"F",2,"College","Married","$40K - $60K",46,3,1,3,4882,695,4187,1544,44,0.142
823528833,"Existing Customer",50,"F",1,"Unknown","Single","Less than $40K",46,4,2,3,2081,1235,846,1337,29,0.593
715784808,"Existing Customer",57,"F",4,"Post-Graduate","Single","$40K - $60K",48,4,2,1,2576,1678,898,3913,86,0.651
811980858,"Existing Customer",36,"M",0,"Graduate","Married","$60K - $80K",31,5,1,2,7667,0,7667,1501,35,0
820085808,"Existing Customer",54,"F",3,"Graduate","Married","Less than $40K",49,1,1,2,2598,1343,1255,4692,86,0.517
716474358,"Existing Customer",43,"F",3,"Unknown","Married","Less than $40K",35,5,3,2,1721,729,992,4853,74,0.424
711487533,"Attrited Customer",47,"F",3,"Unknown","Married","Less than $40K",38,3,3,2,1438.3,0,1438.3,1687,38,0
715268508,"Existing Customer",42,"M",3,"Graduate","Married","$40K - $60K",36,3,2,5,23981,1399,22582,14840,125,0.058
771441558,"Existing Customer",49,"M",2,"Post-Graduate","Married","$60K - $80K",37,5,3,3,2608,1589,1019,2073,47,0.609
719313633,"Existing Customer",53,"F",0,"High School","Married","$40K - $60K",36,6,2,3,2883,1936,947,4244,53,0.672
788725608,"Existing Customer",44,"F",3,"Graduate","Single","Less than $40K",17,1,2,3,8861,1149,7712,8387,102,0.13
718000383,"Existing Customer",60,"F",1,"Graduate","Single","Unknown",51,3,3,4,23566,1147,22419,4274,64,0.049
720190083,"Attrited Customer",56,"F",3,"Unknown","Single","Less than $40K",39,1,3,4,1632,0,1632,2509,47,0
717885183,"Existing Customer",36,"M",1,"Graduate","Single","Less than $40K",25,6,1,2,2622,2489,133,2717,79,0.949
717548358,"Existing Customer",38,"F",1,"College","Married","Less than $40K",25,3,3,1,2580,2265,315,1665,57,0.878
779804208,"Existing Customer",53,"F",2,"Graduate","Single","$40K - $60K",42,6,2,0,5332,0,5332,1371,39,0
789301458,"Existing Customer",41,"F",4,"High School","Married","Unknown",30,5,2,2,9139,1620,7519,4675,78,0.177
717916758,"Existing Customer",67,"F",0,"Unknown","Married","Unknown",56,4,3,3,10509,2388,8121,1365,34,0.227
789394833,"Existing Customer",47,"M",2,"Unknown","Divorced","$80K - $120K",37,1,2,2,21714,1969,19745,13270,104,0.091
708687483,"Attrited Customer",54,"F",4,"Graduate","Single","Less than $40K",36,3,2,3,13626,0,13626,1711,30,0
772095858,"Existing Customer",38,"F",2,"Graduate","Single","Unknown",27,4,2,3,13429,1246,12183,3929,66,0.093
715421058,"Existing Customer",51,"M",1,"Unknown","Married","$60K - $80K",36,3,2,4,22224,979,21245,3346,69,0.044
718863258,"Attrited Customer",54,"F",2,"Doctorate","Married","Less than $40K",41,2,2,3,3881,2517,1364,2463,38,0.649
716324583,"Existing Customer",42,"F",4,"Uneducated","Single","Unknown",36,1,4,1,2875,1892,983,4577,81,0.658
779315508,"Attrited Customer",43,"M",4,"Post-Graduate","Single","$40K - $60K",25,1,2,2,9043,1974,7069,4638,48,0.218
716452908,"Existing Customer",36,"F",1,"Unknown","Single","Less than $40K",36,4,2,3,9239,1421,7818,2246,44,0.154
720531633,"Attrited Customer",55,"F",1,"Graduate","Unknown","Less than $40K",36,4,2,2,3552,2517,1035,2665,36,0.709
720458883,"Existing Customer",29,"M",1,"High School","Married","$60K - $80K",16,3,2,1,12495,2517,9978,14524,106,0.201
713370033,"Attrited Customer",53,"F",0,"Graduate","Single","Less than $40K",40,4,1,4,1438.3,0,1438.3,2014,53,0
778919583,"Existing Customer",49,"F",0,"Graduate","Married","Less than $40K",30,3,2,0,1604,1112,492,4253,68,0.693
713084208,"Attrited Customer",43,"M",4,"College","Married","$40K - $60K",32,6,3,3,4373,0,4373,2397,46,0
720877083,"Existing Customer",50,"M",2,"Graduate","Married","$80K - $120K",36,6,1,2,9748,1354,8394,3323,66,0.139
771073908,"Existing Customer",62,"M",0,"Unknown","Married","$40K - $60K",48,4,1,2,1438.3,0,1438.3,1406,27,0
789271533,"Existing Customer",51,"F",1,"Doctorate","Single","Less than $40K",40,5,3,2,1438.3,908,530.3,4653,74,0.631
789307833,"Existing Customer",44,"M",4,"College","Unknown","$120K +",34,5,3,3,8874,1590,7284,1849,56,0.179
708113208,"Existing Customer",53,"F",1,"High School","Married","Less than $40K",36,3,2,2,1688,0,1688,4375,69,0
797748708,"Existing Customer",44,"M",4,"Unknown","Single","$80K - $120K",38,5,3,4,3936,2024,1912,5001,66,0.514
712841883,"Attrited Customer",50,"M",3,"College","Single","$80K - $120K",36,3,3,2,34516,2517,31999,7155,66,0.073
787617483,"Existing Customer",58,"F",0,"Uneducated","Single","Less than $40K",48,6,2,4,2628,1542,1086,4335,76,0.587
713985183,"Existing Customer",46,"F",5,"Graduate","Single","Less than $40K",38,4,5,2,2799,2412,387,4634,91,0.862
799249833,"Existing Customer",34,"M",2,"Graduate","Single","Less than $40K",28,5,1,4,4439,844,3595,2858,71,0.19
721217283,"Existing Customer",27,"M",0,"Graduate","Single","$120K +",17,6,2,2,8713,1354,7359,2094,36,0.155
771474108,"Existing Customer",40,"F",2,"Uneducated","Married","Less than $40K",28,3,2,2,1794,1019,775,4455,63,0.568
715466133,"Existing Customer",50,"F",1,"Doctorate","Married","Unknown",40,3,3,1,2492,1410,1082,4374,75,0.566
716273133,"Existing Customer",41,"F",3,"Graduate","Married","Less than $40K",36,2,2,3,1593,0,1593,4853,78,0
713303733,"Existing Customer",53,"M",1,"Graduate","Married","$120K +",41,6,3,2,1612,744,868,1564,33,0.462
713784558,"Existing Customer",59,"F",1,"Graduate","Single","$40K - $60K",36,1,2,3,3510,941,2569,4833,77,0.268
718890933,"Attrited Customer",45,"F",4,"Doctorate","Married","Less than $40K",27,3,2,2,1438.3,0,1438.3,2429,38,0
778601733,"Attrited Customer",55,"F",3,"High School","Single","$40K - $60K",47,5,4,3,2687,1689,998,2370,34,0.629
720487308,"Existing Customer",49,"M",1,"High School","Unknown","$60K - $80K",38,3,3,2,15898,0,15898,4184,54,0
720568083,"Existing Customer",40,"M",2,"Graduate","Divorced","$60K - $80K",36,5,2,4,8624,0,8624,2428,53,0
709615458,"Existing Customer",54,"M",3,"Graduate","Married","$120K +",44,2,1,3,34516,862,33654,15034,111,0.025
708211383,"Existing Customer",35,"F",3,"Graduate","Single","Less than $40K",27,3,3,3,2664,0,2664,3906,74,0
713997183,"Existing Customer",34,"F",2,"Unknown","Single","Less than $40K",36,3,3,2,2791,2160,631,2214,56,0.774
711466533,"Existing Customer",43,"F",2,"Graduate","Married","Less than $40K",33,5,2,2,3933,852,3081,1489,45,0.217
715932708,"Existing Customer",41,"M",3,"Unknown","Unknown","$60K - $80K",36,4,3,1,5813,1614,4199,4365,75,0.278
710833908,"Existing Customer",45,"M",5,"High School","Married","$80K - $120K",25,1,3,3,25601,1384,24217,12896,100,0.054
714691683,"Existing Customer",62,"M",1,"Graduate","Single","$60K - $80K",54,4,1,4,13284,607,12677,4942,76,0.046
771071958,"Existing Customer",41,"F",3,"Graduate","Single","Less than $40K",28,6,1,2,7768,1669,6099,1051,22,0.215
721284258,"Existing Customer",53,"M",2,"Unknown","Married","$80K - $120K",44,4,1,3,7181,2517,4664,1636,39,0.351
716375883,"Existing Customer",53,"F",3,"Uneducated","Married","Unknown",36,6,2,2,2447,1558,889,1716,38,0.637
719767683,"Attrited Customer",46,"M",0,"College","Single","$80K - $120K",39,2,3,3,16983,0,16983,8526,79,0
718282983,"Existing Customer",60,"M",0,"College","Unknown","Less than $40K",47,6,3,3,3076,2257,819,4522,75,0.734
712407033,"Existing Customer",26,"F",0,"Uneducated","Unknown","Unknown",13,1,2,3,34516,2403,32113,4174,59,0.07
718333983,"Attrited Customer",57,"M",4,"Unknown","Divorced","$120K +",36,2,2,3,13694,2219,11475,9040,63,0.162
721057758,"Existing Customer",61,"F",1,"Unknown","Married","Unknown",47,4,2,3,1438.3,0,1438.3,1449,27,0
712349808,"Existing Customer",44,"F",4,"College","Single","Unknown",34,4,1,2,12310,670,11640,4176,76,0.054
714336333,"Existing Customer",48,"M",4,"Doctorate","Unknown","$80K - $120K",40,3,2,2,3429,1268,2161,4422,64,0.37
709447908,"Existing Customer",45,"M",2,"Graduate","Married","$60K - $80K",33,4,3,4,2648,2309,339,3281,63,0.872
772728933,"Attrited Customer",50,"M",2,"High School","Married","$120K +",40,6,4,3,13709,813,12896,2511,40,0.059
714991608,"Existing Customer",41,"F",3,"High School","Single","$40K - $60K",31,3,3,2,1438.3,913,525.3,4300,68,0.635
718042383,"Existing Customer",38,"M",1,"Uneducated","Unknown","$40K - $60K",18,3,3,3,3523,1379,2144,15108,118,0.391
711009708,"Existing Customer",40,"M",3,"High School","Single","$80K - $120K",28,5,1,0,21617,0,21617,1351,22,0
712096758,"Existing Customer",49,"F",2,"Graduate","Unknown","$40K - $60K",36,6,3,1,5370,653,4717,4504,81,0.122
769684158,"Existing Customer",42,"M",4,"College","Single","$40K - $60K",36,3,3,2,2502,1488,1014,3763,75,0.595
720302883,"Existing Customer",53,"F",3,"Graduate","Married","Less than $40K",35,4,3,1,3390,2180,1210,4585,78,0.643
716230158,"Existing Customer",35,"F",3,"Graduate","Married","$40K - $60K",36,4,1,4,7234,2000,5234,4272,83,0.276
717499083,"Existing Customer",35,"M",0,"Unknown","Single","$60K - $80K",36,3,1,2,17236,0,17236,3013,78,0
720844008,"Existing Customer",54,"F",4,"Graduate","Single","Less than $40K",45,6,2,2,1990,1747,243,5216,87,0.878
713914683,"Existing Customer",44,"F",1,"Graduate","Single","$40K - $60K",36,3,4,2,1484,885,599,4819,74,0.596
709364433,"Existing Customer",36,"F",3,"High School","Married","Unknown",30,6,2,2,3399,2173,1226,1571,34,0.639
720634683,"Attrited Customer",48,"F",2,"College","Married","Unknown",37,5,2,4,2220,0,2220,2456,45,0
792995808,"Existing Customer",57,"F",3,"Post-Graduate","Single","$40K - $60K",51,5,4,5,7226,1689,5537,3474,67,0.234
820288233,"Existing Customer",26,"F",0,"Uneducated","Single","Less than $40K",20,4,3,4,1438.3,0,1438.3,2731,39,0
720711483,"Attrited Customer",56,"F",1,"High School","Married","Unknown",42,5,2,3,3674,2517,1157,2608,45,0.685
711351108,"Existing Customer",44,"F",3,"High School","Unknown","Less than $40K",36,3,3,2,2608,1804,804,4671,61,0.692
757167633,"Existing Customer",50,"M",2,"Uneducated","Single","$60K - $80K",43,4,3,3,4388,642,3746,3836,81,0.146
714225333,"Existing Customer",48,"F",4,"Graduate","Married","Less than $40K",36,5,1,1,2930,773,2157,1545,21,0.264
711203658,"Existing Customer",46,"M",3,"Graduate","Unknown","$40K - $60K",34,3,6,1,2259,1346,913,7745,88,0.596
779779083,"Existing Customer",38,"F",3,"High School","Single","$40K - $60K",26,2,2,1,23981,0,23981,7872,103,0
717836733,"Existing Customer",49,"F",1,"Graduate","Married","Less than $40K",36,6,2,1,5153,1378,3775,4274,81,0.267
716669658,"Attrited Customer",51,"F",1,"High School","Single","Less than $40K",33,6,3,3,2006,1608,398,2760,38,0.802
824915208,"Existing Customer",44,"F",3,"Doctorate","Married","Unknown",40,2,1,1,7212,1008,6204,5169,82,0.14
713764458,"Existing Customer",53,"M",2,"Graduate","Single","$120K +",36,5,2,3,10620,2090,8530,3453,68,0.197
708701358,"Existing Customer",39,"F",2,"Uneducated","Single","Less than $40K",36,3,2,3,2370,2031,339,4000,79,0.857
714733908,"Existing Customer",51,"M",2,"High School","Married","$60K - $80K",37,6,6,3,8787,1087,7700,4537,75,0.124
714726858,"Attrited Customer",31,"F",0,"Post-Graduate","Divorced","Less than $40K",36,6,3,3,4871,0,4871,2773,34,0
710820783,"Existing Customer",45,"F",4,"Graduate","Married","Unknown",36,6,1,2,5989,0,5989,4246,78,0
778819083,"Attrited Customer",41,"F",2,"Doctorate","Married","$40K - $60K",33,1,3,3,1604,0,1604,2264,47,0
713309583,"Existing Customer",55,"F",2,"College","Married","Less than $40K",36,6,3,4,2967,2129,838,2177,59,0.718
709487058,"Existing Customer",51,"F",2,"Unknown","Married","Less than $40K",36,6,2,3,13812,1132,12680,3723,56,0.082
779653458,"Existing Customer",37,"M",3,"Graduate","Married","$80K - $120K",20,3,3,3,8260,2077,6183,2323,47,0.251
711847833,"Existing Customer",42,"F",2,"Graduate","Single","Less than $40K",32,2,2,2,1933,1127,806,4833,71,0.583
751155783,"Existing Customer",47,"F",2,"High School","Married","$40K - $60K",40,2,1,3,4074,1868,2206,15005,118,0.459
755661933,"Attrited Customer",48,"F",3,"Graduate","Single","$40K - $60K",41,5,3,3,1899,671,1228,2434,45,0.353
711226758,"Existing Customer",51,"F",1,"College","Divorced","Less than $40K",42,3,2,3,4002,1669,2333,2024,53,0.417
717406983,"Attrited Customer",30,"M",2,"Graduate","Unknown","$40K - $60K",36,4,3,3,5281,0,5281,8395,62,0
708371733,"Existing Customer",41,"F",3,"High School","Married","Less than $40K",15,1,1,2,4662,0,4662,4931,81,0
712350858,"Existing Customer",41,"M",2,"High School","Married","$80K - $120K",24,4,1,3,9366,1104,8262,1303,39,0.118
739828308,"Existing Customer",55,"M",3,"Uneducated","Single","$120K +",48,5,2,2,3088,1743,1345,3906,68,0.564
719739108,"Existing Customer",62,"F",0,"Graduate","Divorced","$40K - $60K",50,3,2,4,11352,2517,8835,4021,56,0.222
715319958,"Attrited Customer",48,"M",3,"Uneducated","Married","$120K +",36,5,2,4,34516,787,33729,1312,32,0.023
721301733,"Existing Customer",53,"M",1,"Graduate","Married","$80K - $120K",38,6,3,2,22140,733,21407,1580,45,0.033
715338783,"Existing Customer",32,"M",1,"High School","Single","$60K - $80K",36,4,2,2,2999,0,2999,3018,80,0
717567333,"Existing Customer",35,"M",3,"Graduate","Married","$60K - $80K",26,6,3,2,3991,1982,2009,1661,35,0.497
713739708,"Existing Customer",61,"M",0,"High School","Single","$60K - $80K",53,1,3,3,2415,2050,365,4479,71,0.849
710122458,"Existing Customer",38,"M",2,"High School","Single","$60K - $80K",36,5,3,2,31546,2057,29489,15311,108,0.065
715410783,"Attrited Customer",55,"F",1,"Unknown","Single","Less than $40K",36,5,2,3,1836,572,1264,2400,34,0.312
720398958,"Existing Customer",53,"F",1,"Uneducated","Single","Less than $40K",43,6,2,3,2126,1257,869,4340,70,0.591
720491958,"Existing Customer",34,"F",3,"Uneducated","Single","Less than $40K",36,4,3,3,1438.3,0,1438.3,4302,74,0
714347508,"Existing Customer",35,"M",2,"Uneducated","Single","$60K - $80K",21,4,3,3,7766,1278,6488,2423,74,0.165
714673833,"Existing Customer",59,"F",1,"Graduate","Single","$40K - $60K",36,3,3,1,1528,0,1528,4411,77,0
719437908,"Existing Customer",44,"M",3,"Post-Graduate","Divorced","$80K - $120K",36,6,2,2,17965,1644,16321,1767,50,0.092
719449533,"Attrited Customer",49,"F",3,"Uneducated","Single","$40K - $60K",38,1,2,3,2655,2283,372,2386,49,0.86
772323033,"Existing Customer",44,"F",4,"Graduate","Single","Less than $40K",33,3,2,2,4606,1556,3050,4363,78,0.338
715713408,"Existing Customer",55,"M",2,"Graduate","Married","Less than $40K",46,3,5,3,15987,0,15987,15853,117,0
720848733,"Existing Customer",38,"M",1,"High School","Married","$80K - $120K",24,4,3,2,13363,1230,12133,1815,33,0.092
711534183,"Existing Customer",41,"M",2,"High School","Single","$80K - $120K",36,4,2,4,28830,0,28830,3533,57,0
780998133,"Existing Customer",43,"M",3,"Graduate","Married","$80K - $120K",34,3,4,4,10540,1489,9051,1980,45,0.141
789241308,"Attrited Customer",54,"F",2,"Unknown","Unknown","Less than $40K",39,4,3,3,1438.3,0,1438.3,2145,41,0
719976558,"Existing Customer",47,"M",2,"Graduate","Unknown","$60K - $80K",34,3,2,4,4249,1562,2687,1881,49,0.368
711159108,"Attrited Customer",58,"F",0,"High School","Married","Less than $40K",36,3,2,2,7418,396,7022,911,26,0.053
710208633,"Existing Customer",37,"F",1,"Graduate","Married","Less than $40K",31,5,2,2,2417,1929,488,1773,42,0.798
720486408,"Existing Customer",55,"F",1,"Uneducated","Single","Less than $40K",36,3,3,0,1438.3,756,682.3,4436,73,0.526
778912683,"Existing Customer",51,"F",2,"Graduate","Single","Unknown",32,3,3,1,8365,1504,6861,4778,88,0.18
717893358,"Existing Customer",43,"F",3,"Graduate","Married","Unknown",33,6,1,3,7951,1456,6495,4452,65,0.183
793736958,"Existing Customer",49,"M",3,"High School","Single","$120K +",43,1,2,1,21680,1587,20093,4410,86,0.073
719147208,"Existing Customer",29,"F",2,"Unknown","Single","Less than $40K",21,4,3,2,2298,0,2298,4814,88,0
719549508,"Existing Customer",49,"F",4,"Graduate","Single","Less than $40K",40,4,2,2,2712,1686,1026,4678,74,0.622
714531108,"Existing Customer",31,"M",1,"College","Married","$80K - $120K",36,4,3,3,4260,1775,2485,2109,52,0.417
826762908,"Existing Customer",52,"M",3,"High School","Unknown","$80K - $120K",48,3,2,0,11976,1273,10703,2089,36,0.106
721107258,"Existing Customer",45,"F",5,"Unknown","Unknown","Less than $40K",37,2,2,2,5465,1967,3498,14192,115,0.36
782802033,"Attrited Customer",45,"F",4,"Unknown","Married","Less than $40K",39,3,2,2,3411,1472,1939,2108,55,0.432
710263608,"Existing Customer",53,"F",3,"High School","Married","Unknown",36,4,2,4,11098,821,10277,2156,46,0.074
788788758,"Existing Customer",57,"F",3,"College","Single","Unknown",39,4,1,2,7469,1752,5717,2050,46,0.235
788673708,"Attrited Customer",57,"F",2,"High School","Married","$40K - $60K",45,2,1,3,1438.3,0,1438.3,1254,35,0
716636808,"Existing Customer",39,"M",3,"Graduate","Single","$120K +",36,4,2,2,34516,0,34516,3572,55,0
708793008,"Attrited Customer",46,"M",3,"Doctorate","Divorced","$80K - $120K",35,5,3,3,9949,0,9949,2207,40,0
715993608,"Existing Customer",51,"M",2,"College","Single","$120K +",41,6,3,2,26714,2517,24197,1686,50,0.094
716797758,"Existing Customer",53,"F",2,"Unknown","Married","Less than $40K",44,3,2,4,3519,0,3519,1670,33,0
713371233,"Existing Customer",43,"F",1,"Graduate","Married","Less than $40K",31,5,1,2,11583,631,10952,3320,55,0.054
775267158,"Existing Customer",43,"F",3,"Graduate","Married","$40K - $60K",37,2,1,3,2476,1396,1080,8785,111,0.564
710892408,"Existing Customer",57,"F",1,"High School","Married","Less than $40K",36,6,2,2,3101,1257,1844,1681,32,0.405
711406758,"Existing Customer",48,"F",3,"Graduate","Married","Less than $40K",36,3,2,2,1667,0,1667,4385,80,0
717271983,"Existing Customer",60,"M",0,"College","Single","$80K - $120K",53,6,3,2,34516,1388,33128,3261,64,0.04
786480183,"Existing Customer",50,"F",2,"Uneducated","Married","Unknown",44,6,2,5,16763,0,16763,3626,69,0
771922008,"Existing Customer",57,"F",2,"Unknown","Single","Less than $40K",46,5,2,2,5443,1889,3554,4416,64,0.347
719453283,"Existing Customer",45,"F",2,"Uneducated","Married","Less than $40K",36,3,4,3,2918,1597,1321,4454,76,0.547
826245858,"Attrited Customer",50,"M",2,"Graduate","Single","$80K - $120K",40,3,4,6,34516,0,34516,7661,79,0
717171408,"Existing Customer",36,"M",1,"Unknown","Married","$80K - $120K",26,6,2,1,9959,0,9959,2021,41,0
710871108,"Existing Customer",45,"M",5,"Uneducated","Divorced","$60K - $80K",36,4,2,4,31756,1459,30297,4759,70,0.046
716982483,"Existing Customer",49,"F",2,"Graduate","Married","Less than $40K",38,3,4,2,1438.3,0,1438.3,4497,79,0
818908833,"Existing Customer",46,"M",3,"Graduate","Married","$40K - $60K",41,5,2,2,2564,0,2564,2038,45,0
712144158,"Attrited Customer",53,"F",1,"Graduate","Single","Less than $40K",48,6,6,3,2370,1166,1204,2164,45,0.492
787565433,"Existing Customer",53,"M",2,"Post-Graduate","Married","$80K - $120K",43,4,2,4,4039,1397,2642,1494,36,0.346
818712633,"Existing Customer",41,"F",3,"Graduate","Single","Less than $40K",36,4,6,2,4133,1067,3066,16100,119,0.258
716340783,"Existing Customer",48,"M",4,"High School","Married","$80K - $120K",36,1,1,2,21526,1320,20206,14441,105,0.061
787638408,"Existing Customer",47,"F",1,"High School","Single","Unknown",40,5,4,4,8440,2087,6353,4161,74,0.247
716262708,"Existing Customer",51,"F",2,"College","Single","Less than $40K",36,1,3,2,1438.3,718,720.3,4447,71,0.499
713706258,"Existing Customer",52,"F",1,"Unknown","Single","Less than $40K",43,6,2,1,1438.3,773,665.3,4890,63,0.537
709774608,"Existing Customer",51,"M",3,"Unknown","Married","$60K - $80K",36,4,3,4,5993,1582,4411,3464,64,0.264
792402483,"Existing Customer",46,"M",4,"Graduate","Single","$60K - $80K",40,5,2,1,12280,985,11295,4263,70,0.08
718655808,"Existing Customer",44,"F",3,"Uneducated","Married","Less than $40K",36,3,3,2,12944,1200,11744,16161,105,0.093
820936533,"Existing Customer",47,"M",3,"Graduate","Unknown","Less than $40K",43,1,3,3,2781,1950,831,9331,93,0.701
712899333,"Existing Customer",47,"F",4,"College","Single","Less than $40K",37,6,2,2,4256,1084,3172,1100,29,0.255
718861458,"Existing Customer",49,"M",5,"Unknown","Single","$60K - $80K",36,6,1,2,5159,1532,3627,1826,37,0.297
786493908,"Existing Customer",42,"F",4,"Uneducated","Single","Less than $40K",36,4,3,3,10091,0,10091,3347,64,0
817908783,"Existing Customer",44,"M",3,"Unknown","Single","$120K +",39,2,3,1,34516,2123,32393,14242,107,0.062
717541308,"Existing Customer",61,"F",2,"Graduate","Single","Less than $40K",45,2,2,3,2602,1441,1161,4838,85,0.554
721083258,"Existing Customer",37,"F",4,"High School","Divorced","$40K - $60K",22,5,1,3,2563,1638,925,2064,46,0.639
716362008,"Existing Customer",37,"M",2,"Doctorate","Married","$40K - $60K",29,3,3,2,1808,1009,799,1744,35,0.558
819979458,"Existing Customer",35,"F",3,"Doctorate","Married","Less than $40K",30,5,2,2,3976,1789,2187,4419,75,0.45
710782458,"Existing Customer",31,"M",1,"Graduate","Married","$40K - $60K",20,6,2,5,2469,1695,774,1615,36,0.687
715679733,"Existing Customer",43,"F",2,"Uneducated","Single","Less than $40K",36,5,2,4,1736,1513,223,3462,67,0.872
813752433,"Attrited Customer",43,"F",3,"Graduate","Single","Less than $40K",38,5,2,4,4075,1986,2089,2449,27,0.487
718788258,"Existing Customer",52,"M",5,"Unknown","Married","$80K - $120K",40,3,3,4,30314,776,29538,3290,82,0.026
803380383,"Existing Customer",46,"F",5,"Graduate","Divorced","Less than $40K",40,3,3,3,1592,925,667,4615,90,0.581
710722908,"Existing Customer",53,"M",3,"Doctorate","Single","$120K +",36,3,1,0,30883,1694,29189,1267,23,0.055
809954133,"Existing Customer",49,"M",2,"Uneducated","Married","$60K - $80K",44,6,1,3,5013,0,5013,5223,84,0
710587458,"Existing Customer",34,"M",2,"High School","Unknown","$80K - $120K",22,4,3,2,11154,1612,9542,4339,77,0.145
716619558,"Existing Customer",38,"F",0,"High School","Single","Less than $40K",36,4,3,2,13747,1941,11806,16401,119,0.141
715615233,"Existing Customer",60,"F",1,"High School","Divorced","Less than $40K",48,5,3,3,2737,1812,925,4507,86,0.662
772105608,"Existing Customer",48,"F",4,"Uneducated","Single","Less than $40K",37,6,3,4,2646,872,1774,4246,80,0.33
712228458,"Existing Customer",50,"M",2,"Unknown","Unknown","$120K +",32,2,3,1,25645,1083,24562,4302,63,0.042
711348033,"Existing Customer",50,"M",2,"Graduate","Married","$40K - $60K",40,4,3,2,5435,1243,4192,16202,117,0.229
713316558,"Existing Customer",41,"M",4,"High School","Married","$60K - $80K",29,3,2,2,4573,0,4573,3776,70,0
823922208,"Existing Customer",49,"M",3,"Unknown","Single","$60K - $80K",45,1,1,1,2122,1101,1021,7404,103,0.519
789344358,"Existing Customer",57,"F",1,"Unknown","Married","Less than $40K",47,4,1,3,3416,2468,948,1536,42,0.722
721041483,"Attrited Customer",45,"M",4,"Doctorate","Married","$60K - $80K",37,1,2,2,13093,2517,10576,2032,39,0.192
709633533,"Existing Customer",31,"M",2,"Uneducated","Married","Less than $40K",18,3,2,4,1438.3,0,1438.3,2789,50,0
721332033,"Existing Customer",42,"M",2,"Unknown","Single","$80K - $120K",30,4,2,1,29195,892,28303,4411,67,0.031
712410858,"Existing Customer",50,"F",4,"Uneducated","Married","Unknown",40,4,1,3,2315,1336,979,4143,65,0.577
720899883,"Existing Customer",44,"F",1,"High School","Married","$40K - $60K",35,6,2,2,6849,0,6849,3770,82,0
712159083,"Attrited Customer",58,"F",4,"Unknown","Married","Less than $40K",46,2,3,3,2536,0,2536,901,35,0
807014583,"Existing Customer",31,"F",0,"Graduate","Divorced","Unknown",26,3,3,3,1469,0,1469,4331,89,0
709967358,"Existing Customer",48,"M",4,"Post-Graduate","Single","$80K - $120K",36,6,2,3,30367,2362,28005,1671,27,0.078
785055108,"Existing Customer",52,"M",0,"Graduate","Single","$60K - $80K",46,4,2,4,10817,1142,9675,3889,60,0.106
710884683,"Existing Customer",48,"M",4,"Graduate","Married","$80K - $120K",40,6,2,5,34516,807,33709,3937,80,0.023
713382558,"Existing Customer",57,"F",3,"College","Single","Less than $40K",42,1,1,2,2063,953,1110,4304,81,0.462
708148158,"Existing Customer",39,"F",4,"Unknown","Married","Unknown",21,2,3,2,1827,0,1827,4207,86,0
717424458,"Existing Customer",44,"F",2,"Post-Graduate","Married","Less than $40K",36,3,3,2,2293,1823,470,1166,22,0.795
711453783,"Existing Customer",41,"F",3,"Unknown","Single","Less than $40K",29,4,2,3,1966,1452,514,4666,74,0.739
797743233,"Existing Customer",45,"M",3,"Uneducated","Unknown","$60K - $80K",39,3,2,3,5996,865,5131,4542,77,0.144
789504183,"Existing Customer",37,"M",4,"Graduate","Single","$120K +",28,3,3,4,34516,0,34516,2574,62,0
709625733,"Existing Customer",50,"M",2,"High School","Single","$60K - $80K",40,5,2,3,9690,1115,8575,4620,64,0.115
720537633,"Existing Customer",44,"F",3,"Doctorate","Married","Less than $40K",36,2,3,1,3047,2139,908,4961,85,0.702
709869708,"Existing Customer",54,"F",3,"College","Single","Less than $40K",45,5,1,4,3062,2039,1023,4037,71,0.666
711887583,"Attrited Customer",47,"M",2,"Unknown","Married","$80K - $120K",37,2,3,3,5449,1628,3821,836,18,0.299
819160158,"Existing Customer",42,"M",3,"Uneducated","Married","$40K - $60K",37,2,3,3,4960,1724,3236,8218,88,0.348
708821733,"Attrited Customer",43,"F",3,"Unknown","Single","$40K - $60K",36,2,3,4,19713,531,19182,8301,70,0.027
789842283,"Attrited Customer",54,"M",2,"Graduate","Married","$60K - $80K",42,3,3,2,4320,0,4320,706,21,0
712831908,"Existing Customer",59,"F",1,"College","Married","$40K - $60K",49,2,2,1,3481,603,2878,4556,81,0.173
715118058,"Existing Customer",45,"M",3,"Graduate","Married","$80K - $120K",36,3,3,1,20274,2100,18174,5274,66,0.104
711883833,"Existing Customer",50,"F",1,"Uneducated","Single","Less than $40K",37,6,1,1,1837,665,1172,4752,88,0.362
708911508,"Existing Customer",50,"F",2,"Unknown","Married","Less than $40K",39,3,3,2,2046,0,2046,3446,71,0
779484408,"Existing Customer",37,"M",1,"Unknown","Married","$60K - $80K",19,6,1,2,18951,1243,17708,2874,58,0.066
709695333,"Existing Customer",48,"M",2,"High School","Single","$80K - $120K",36,3,2,4,10227,1695,8532,3577,82,0.166
717128283,"Existing Customer",40,"F",3,"High School","Unknown","Less than $40K",36,5,2,2,5525,2409,3116,2305,33,0.436
711379083,"Existing Customer",60,"F",0,"Doctorate","Single","Less than $40K",42,5,3,3,2758,1429,1329,5124,74,0.518
713004933,"Attrited Customer",40,"M",3,"High School","Married","$60K - $80K",27,3,2,1,6813,2332,4481,2634,51,0.342
789161358,"Existing Customer",30,"F",0,"Graduate","Married","Less than $40K",19,3,1,4,3213,2517,696,2666,46,0.783
771756333,"Existing Customer",34,"F",3,"Graduate","Married","Less than $40K",23,5,3,3,2263,1794,469,2154,37,0.793
787770858,"Existing Customer",43,"M",4,"Graduate","Single","$80K - $120K",32,3,2,3,8333,774,7559,3889,81,0.093
718370733,"Existing Customer",48,"F",2,"Uneducated","Married","Unknown",35,2,3,3,6074,0,6074,4504,90,0
778286433,"Existing Customer",67,"M",0,"Graduate","Married","$40K - $60K",56,4,2,1,5876,1297,4579,2133,55,0.221
708492558,"Existing Customer",42,"M",3,"Unknown","Married","$60K - $80K",36,5,3,3,15088,865,14223,1107,21,0.057
716154258,"Existing Customer",48,"M",4,"Doctorate","Unknown","$60K - $80K",38,3,2,2,32658,1482,31176,2023,37,0.045
709739283,"Existing Customer",62,"M",0,"High School","Single","Unknown",36,3,3,3,21329,2119,19210,4206,75,0.099
710522433,"Existing Customer",65,"M",0,"Graduate","Married","Less than $40K",46,3,2,2,2416,1499,917,2372,53,0.62
708798483,"Attrited Customer",37,"F",3,"Unknown","Single","Unknown",24,2,3,2,2054,0,2054,2567,43,0
708693558,"Existing Customer",50,"F",3,"High School","Single","Less than $40K",38,3,2,2,12569,2167,10402,7344,95,0.172
778327908,"Existing Customer",50,"M",2,"Uneducated","Single","Less than $40K",40,4,3,5,2419,2380,39,4099,73,0.984
803587533,"Existing Customer",33,"M",1,"Uneducated","Single","$60K - $80K",28,6,3,4,2618,1812,806,3319,86,0.692
718490658,"Existing Customer",50,"F",1,"Graduate","Single","Less than $40K",36,4,1,3,5012,2242,2770,1142,28,0.447
718815108,"Existing Customer",50,"M",2,"Unknown","Married","$80K - $120K",38,3,3,1,6030,1315,4715,3420,81,0.218
713089458,"Existing Customer",44,"M",1,"High School","Married","Less than $40K",33,5,2,2,6130,808,5322,3411,78,0.132
708337683,"Existing Customer",51,"M",2,"Uneducated","Single","$60K - $80K",40,4,2,2,21800,893,20907,3820,62,0.041
779858058,"Existing Customer",34,"F",2,"Graduate","Unknown","Less than $40K",18,4,1,3,2730,0,2730,4530,72,0
715851333,"Existing Customer",42,"M",4,"High School","Married","$60K - $80K",27,2,3,2,13804,1903,11901,7376,97,0.138
712812408,"Attrited Customer",40,"F",3,"Unknown","Married","Less than $40K",28,2,3,3,1535,0,1535,1921,41,0
714098883,"Existing Customer",45,"F",1,"Graduate","Single","$40K - $60K",36,5,2,2,1936,1613,323,4773,80,0.833
718088133,"Existing Customer",40,"F",3,"Unknown","Divorced","Less than $40K",36,6,1,0,2348,1061,1287,1901,27,0.452
716297658,"Existing Customer",37,"M",2,"Graduate","Single","$80K - $120K",36,4,1,4,14926,0,14926,2405,55,0
809092458,"Existing Customer",36,"F",4,"Uneducated","Married","$40K - $60K",31,5,2,3,2517,1336,1181,5211,83,0.531
713388108,"Attrited Customer",62,"F",0,"High School","Unknown","Less than $40K",51,4,2,3,5210,0,5210,2162,36,0
713573508,"Attrited Customer",41,"M",4,"Graduate","Unknown","$40K - $60K",32,4,2,4,16509,425,16084,1740,43,0.026
716479233,"Existing Customer",43,"M",4,"High School","Married","$40K - $60K",36,5,3,2,13258,1721,11537,1080,21,0.13
715030308,"Existing Customer",42,"M",4,"Graduate","Married","$40K - $60K",27,5,1,2,1503,929,574,4680,67,0.618
778224858,"Existing Customer",42,"F",2,"College","Unknown","Unknown",32,3,3,4,4035,1003,3032,4589,89,0.249
712517808,"Existing Customer",42,"M",5,"High School","Married","$60K - $80K",36,2,4,3,3275,1525,1750,14830,112,0.466
780382008,"Existing Customer",42,"F",4,"Unknown","Single","Less than $40K",32,6,3,2,13719,1384,12335,3774,63,0.101
718892283,"Existing Customer",43,"M",2,"Graduate","Married","$40K - $60K",34,3,2,1,4396,0,4396,4771,78,0
789611283,"Existing Customer",44,"M",4,"Graduate","Married","$40K - $60K",38,5,2,3,5452,2091,3361,1347,30,0.384
710506683,"Existing Customer",47,"F",4,"High School","Single","$40K - $60K",39,3,1,0,1746,0,1746,4543,75,0
778728783,"Existing Customer",39,"F",2,"Unknown","Married","Less than $40K",19,5,3,1,3156,2095,1061,2739,56,0.664
755420433,"Existing Customer",59,"F",1,"Graduate","Married","Unknown",52,2,3,3,10133,1417,8716,1068,20,0.14
779219208,"Existing Customer",38,"F",2,"High School","Single","Less than $40K",28,5,1,3,1744,0,1744,4811,86,0
715192308,"Existing Customer",48,"M",2,"High School","Married","$120K +",36,6,5,2,29963,2094,27869,1205,28,0.07
711551958,"Attrited Customer",59,"M",2,"Post-Graduate","Married","$60K - $80K",46,3,3,3,1438.3,0,1438.3,844,24,0
714181008,"Existing Customer",35,"F",0,"Graduate","Married","Less than $40K",36,1,2,2,3019,1462,1557,4509,71,0.484
715858008,"Attrited Customer",49,"F",1,"Uneducated","Married","$40K - $60K",39,2,3,3,8061,2517,5544,1224,31,0.312
720274158,"Existing Customer",42,"F",4,"High School","Married","Less than $40K",35,4,2,2,4478,1700,2778,3879,76,0.38
789179583,"Existing Customer",28,"F",1,"College","Divorced","Unknown",17,5,3,2,11881,1488,10393,4865,87,0.125
708482658,"Existing Customer",41,"M",3,"Graduate","Married","$80K - $120K",31,3,2,2,9959,1946,8013,15594,114,0.195
711080358,"Existing Customer",55,"M",1,"Unknown","Unknown","$120K +",46,4,1,2,19849,2205,17644,3657,66,0.111
716406483,"Existing Customer",30,"M",0,"Unknown","Single","$60K - $80K",20,1,3,3,23760,1349,22411,13124,103,0.057
713184858,"Existing Customer",58,"F",2,"High School","Single","Less than $40K",50,4,3,4,1438.3,818,620.3,4196,71,0.569
819977058,"Existing Customer",46,"M",2,"High School","Single","$40K - $60K",41,3,3,2,3150,1543,1607,3432,71,0.49
795869583,"Existing Customer",53,"F",3,"Uneducated","Married","Less than $40K",47,1,3,2,3733,1620,2113,15200,118,0.434
714400308,"Existing Customer",60,"F",0,"Uneducated","Single","Less than $40K",49,3,1,1,11060,1647,9413,4545,83,0.149
721091583,"Existing Customer",44,"F",2,"Graduate","Single","Less than $40K",32,3,3,3,3031,1879,1152,1298,15,0.62
718481283,"Existing Customer",51,"F",1,"High School","Married","Less than $40K",43,5,1,3,1822,1114,708,5210,73,0.611
714677583,"Attrited Customer",50,"F",3,"Doctorate","Single","Unknown",36,4,3,3,5173,0,5173,8757,68,0
824140908,"Attrited Customer",52,"M",3,"Uneducated","Single","$120K +",48,5,3,4,20974,0,20974,1246,27,0
778984383,"Existing Customer",43,"F",3,"High School","Married","Unknown",31,3,3,1,2692,2039,653,4622,73,0.757
715732533,"Attrited Customer",52,"M",4,"Graduate","Married","$60K - $80K",36,4,1,3,9375,1625,7750,2108,51,0.173
709708233,"Attrited Customer",49,"F",3,"Doctorate","Married","Less than $40K",29,3,4,2,7066,0,7066,1695,38,0
766456683,"Existing Customer",51,"F",1,"Graduate","Married","Less than $40K",44,6,2,0,6160,2258,3902,3986,80,0.367
771912408,"Existing Customer",49,"F",2,"Graduate","Married","Less than $40K",38,3,3,1,6674,1402,5272,7468,92,0.21
712444533,"Existing Customer",43,"M",2,"High School","Single","$80K - $120K",36,6,2,0,14418,0,14418,3880,68,0
811571733,"Existing Customer",26,"F",0,"Unknown","Single","Unknown",13,4,2,2,2600,1876,724,2625,45,0.722
719521983,"Existing Customer",38,"M",2,"Uneducated","Married","$40K - $60K",31,4,3,3,6116,1698,4418,1592,32,0.278
713759583,"Existing Customer",54,"F",3,"High School","Married","Less than $40K",36,1,1,1,3173,1822,1351,4883,71,0.574
710937783,"Existing Customer",53,"F",0,"Uneducated","Married","$40K - $60K",40,1,3,3,2772,2414,358,5313,68,0.871
718653333,"Attrited Customer",45,"F",2,"College","Single","Less than $40K",33,1,3,3,1833,0,1833,2037,31,0
710070183,"Existing Customer",53,"F",1,"High School","Single","Less than $40K",36,3,2,2,2615,1772,843,1419,38,0.678
712664658,"Attrited Customer",35,"F",1,"Graduate","Single","Less than $40K",30,2,2,2,1649,0,1649,2549,54,0
712113558,"Attrited Customer",45,"M",2,"Graduate","Married","$80K - $120K",36,4,3,3,24844,1273,23571,6549,75,0.051
789076083,"Existing Customer",50,"F",3,"High School","Single","Less than $40K",38,6,3,2,2775,1475,1300,4608,84,0.532
719821908,"Attrited Customer",38,"F",2,"High School","Single","Less than $40K",16,2,1,2,2703,0,2703,2752,43,0
772712658,"Existing Customer",62,"F",0,"Uneducated","Married","Less than $40K",50,5,1,2,3791,1648,2143,2058,34,0.435
709827933,"Existing Customer",44,"M",2,"Graduate","Married","$80K - $120K",36,3,3,2,12230,1196,11034,3659,76,0.098
719584608,"Existing Customer",40,"M",4,"High School","Unknown","$40K - $60K",32,3,1,1,1438.3,0,1438.3,4215,79,0
714127383,"Attrited Customer",48,"F",3,"Unknown","Unknown","Unknown",36,3,3,2,4431,2517,1914,2185,48,0.568
